recordId,source,labelQuality,labelStrength,sourceRecordId,adLibraryId,metaAdId,advertiserId,advertiserName,campaignId,adsetId,platforms,platformPositions,country,geoScope,measurementScope,measurementStart,measurementEnd,startDate,endDate,activeDays,creativeType,ctaType,landingDomain,landingUrl,adText,headline,description,reachLow,reachHigh,reach,impressionsLow,impressionsHigh,impressions,frequency,weakFrequencyLow,weakFrequencyHigh,spend,spendLow,spendHigh,spendCurrency,isLabelAligned,alignmentNotes,qualityFlags,retrievedAt
public-meta-203900972241495-NL-2023-03-06-2023-03-16,PUBLIC_META_AD_LIBRARY,PUBLIC_META_DISCLOSED,WEAK_RANGE,203900972241495,203900972241495,,406548067183,Provincie Noord-Brabant,,,"[""INSTAGRAM""]",[],NL,EU_NL,PUBLIC_META_AD_LIBRARY_POLITICAL_AND_ISSUE_ADS,2023-03-06,2023-03-16,2023-03-06,2023-03-16,11,VIDEO,LEARN_MORE,verkiezingen.brabant.nl,https://verkiezingen.brabant.nl/,"𝗝𝗼𝘂𝘄 𝘀𝘁𝗲𝗺 𝘁𝗲𝗹𝘁! ✏️
Jouw stem heeft invloed op de keuzes die de provincie maakt over tal van thema’s, zoals energie. Stem ook op 15 maart!
 
👉 Kijk op brabant.nl/verkiezingen of check de link in de bio!

#brabantkiest #provincialestatenverkiezingen #PS2023 #verkiezingen",,,500000,1000000,,900000,1000000,,,0.9,2,,1500,2000,EUR,true,"[""Reach and impressions were collected from the same public Meta Ad Library ad row."",""Reach source path: reachEstimate"",""Impressions source path: impressionsWithIndex.impressionsText"",""Impressions are a public range, so the row remains a weak/range label.""]","{""audienceStatus"":""META_DISCLOSED"",""audiencePath"":""reachEstimate"",""impressionsStatus"":""META_DISCLOSED"",""impressionsPath"":""impressionsWithIndex.impressionsText"",""sourceUrl"":""https://www.facebook.com/ads/library/?active_status=all&ad_type=political_and_issue_ads&country=NL&search_type=keyword_unordered&media_type=all&q=verkiezingen""}",2026-08-10T11:40:46.502Z
public-meta-341501428958729-NL-2024-06-03-2024-06-07,PUBLIC_META_AD_LIBRARY,PUBLIC_META_DISCLOSED,WEAK_RANGE,341501428958729,341501428958729,,338750440106782,BBB BoerBurgerBeweging,,,"[""FACEBOOK"",""INSTAGRAM""]",[],NL,EU_NL,PUBLIC_META_AD_LIBRARY_POLITICAL_AND_ISSUE_ADS,2024-06-03,2024-06-07,2024-06-03,2024-06-07,5,VIDEO,LEARN_MORE,video.boerburgerbeweging.nl,https://video.boerburgerbeweging.nl/v/utlpL/,"Er staat veel op het spel deze Europese verkiezingen! Wil je meer weten over de BBB-standpunten rond voedselzekerheid, regeldruk of betaalbare energie? Vraag je gepersonaliseerde video aan!  👇🏻

https://video.boerburgerbeweging.nl/v/utlpL/",Er staat veel op het spel!,,1000000,,,800000,900000,,,,0.9,,4000,4500,EUR,true,"[""Reach and impressions were collected from the same public Meta Ad Library ad row."",""Reach source path: reachEstimate"",""Impressions source path: impressionsWithIndex.impressionsText"",""Impressions are a public range, so the row remains a weak/range label.""]","{""audienceStatus"":""META_DISCLOSED"",""audiencePath"":""reachEstimate"",""impressionsStatus"":""META_DISCLOSED"",""impressionsPath"":""impressionsWithIndex.impressionsText"",""sourceUrl"":""https://www.facebook.com/ads/library/?active_status=all&ad_type=political_and_issue_ads&country=NL&search_type=keyword_unordered&media_type=all&q=verkiezingen""}",2026-08-10T11:40:46.503Z
public-meta-3455144268096156-NL-2023-02-12-2023-02-23,PUBLIC_META_AD_LIBRARY,PUBLIC_META_DISCLOSED,WEAK_RANGE,3455144268096156,3455144268096156,,280080392065179,Waterschap De Dommel,,,"[""FACEBOOK""]",[],NL,EU_NL,PUBLIC_META_AD_LIBRARY_POLITICAL_AND_ISSUE_ADS,2023-02-12,2023-02-23,2023-02-12,2023-02-23,12,UNKNOWN,LEARN_MORE,dommel.nl,http://www.dommel.nl/verkiezingen?utm_source=facebook&utm_medium=social&utm_campaign=paid,{{product.brand}},{{product.name}},{{product.description}},100000,500000,,900000,1000000,,,1.8,10,,5000,6000,EUR,true,"[""Reach and impressions were collected from the same public Meta Ad Library ad row."",""Reach source path: reachEstimate"",""Impressions source path: impressionsWithIndex.impressionsText"",""Impressions are a public range, so the row remains a weak/range label.""]","{""audienceStatus"":""META_DISCLOSED"",""audiencePath"":""reachEstimate"",""impressionsStatus"":""META_DISCLOSED"",""impressionsPath"":""impressionsWithIndex.impressionsText"",""sourceUrl"":""https://www.facebook.com/ads/library/?active_status=all&ad_type=political_and_issue_ads&country=NL&search_type=keyword_unordered&media_type=all&q=verkiezingen""}",2026-08-10T11:40:46.503Z
public-meta-497702434565875-NL-2021-03-04-2021-03-17,PUBLIC_META_AD_LIBRARY,PUBLIC_META_DISCLOSED,WEAK_RANGE,497702434565875,497702434565875,,147006749798,Ben & Jerry's,,,"[""FACEBOOK"",""INSTAGRAM""]",[],NL,EU_NL,PUBLIC_META_AD_LIBRARY_POLITICAL_AND_ISSUE_ADS,2021-03-04,2021-03-17,2021-03-04,2021-03-17,14,IMAGE,LEARN_MORE,unilever.demdex.net,https://unilever.demdex.net/event?d_event=click&c_country=NL&d_bu=152695&c_medium=social&c_source=facebook-instagram&c_brandcode=BF0093&c_category=CF1954&c_campaignname=L-055136-sos-moria&c_segment=broad&c_creativedescription=animated-linkad&c_tactics=prospecting&c_advertisinglevel=awareness&gdpr=%24%7BGDPR%7D&gdpr_consent=%24%7BGDPR_CONSENT_565%7D&d_rd=https%3A%2F%2Fwww.degoedezaak.org%2Fik-beloof%2F%3Futm_medium%3Dsocial%26utm_source%3Dfacebook-instagram%26utm_campaign%3DL-055136-sos-moria%26utm_term%3Dbroad,Human Rights zijn Refugee Rights! De realiteit is dat door de pandemie vluchtelingen het moeilijker dan ooit hebben. Lees waarom NU het moment is om actie te ondernemen. Act Now en steun SOSMoria.,Ben & Jerry's,,500000,1000000,,800000,900000,,,0.8,1.8,,2500,3000,EUR,true,"[""Reach and impressions were collected from the same public Meta Ad Library ad row."",""Reach source path: reachEstimate"",""Impressions source path: impressionsWithIndex.impressionsText"",""Impressions are a public range, so the row remains a weak/range label.""]","{""audienceStatus"":""META_DISCLOSED"",""audiencePath"":""reachEstimate"",""impressionsStatus"":""META_DISCLOSED"",""impressionsPath"":""impressionsWithIndex.impressionsText"",""sourceUrl"":""https://www.facebook.com/ads/library/?active_status=all&ad_type=political_and_issue_ads&country=NL&search_type=keyword_unordered&media_type=all&q=verkiezingen""}",2026-08-10T11:40:46.503Z
public-meta-2798490800287415-NL-2023-03-07-2023-03-16,PUBLIC_META_AD_LIBRARY,PUBLIC_META_DISCLOSED,WEAK_RANGE,2798490800287415,2798490800287415,,406548067183,Provincie Noord-Brabant,,,"[""INSTAGRAM""]",[],NL,EU_NL,PUBLIC_META_AD_LIBRARY_POLITICAL_AND_ISSUE_ADS,2023-03-07,2023-03-16,2023-03-07,2023-03-16,10,VIDEO,LEARN_MORE,verkiezingen.brabant.nl,https://verkiezingen.brabant.nl/,"𝗥𝘂𝗶𝗺𝘁𝗲 𝗶𝗻 𝗕𝗿𝗮𝗯𝗮𝗻𝘁: 𝘄𝗮𝘁 𝗸𝗼𝗺𝘁 𝘄𝗮𝗮𝗿?
Onze beperkte ruimte kun je maar 1 keer indelen. Dus staat de provincie voor keuzes. Wat kies jij?

👉 Kijk op brabant.nl/verkiezingen of check de link in onze bio!

#brabantkiest #15maart #verkiezingen",,,500000,1000000,,800000,900000,,,0.8,1.8,,1500,2000,EUR,true,"[""Reach and impressions were collected from the same public Meta Ad Library ad row."",""Reach source path: reachEstimate"",""Impressions source path: impressionsWithIndex.impressionsText"",""Impressions are a public range, so the row remains a weak/range label.""]","{""audienceStatus"":""META_DISCLOSED"",""audiencePath"":""reachEstimate"",""impressionsStatus"":""META_DISCLOSED"",""impressionsPath"":""impressionsWithIndex.impressionsText"",""sourceUrl"":""https://www.facebook.com/ads/library/?active_status=all&ad_type=political_and_issue_ads&country=NL&search_type=keyword_unordered&media_type=all&q=verkiezingen""}",2026-08-10T11:40:46.503Z
public-meta-264813528483525-NL-2021-03-15-2021-03-17,PUBLIC_META_AD_LIBRARY,PUBLIC_META_DISCLOSED,WEAK_RANGE,264813528483525,264813528483525,,102287806490622,Partij voor de Dieren,,,"[""FACEBOOK"",""INSTAGRAM""]",[],NL,EU_NL,PUBLIC_META_AD_LIBRARY_POLITICAL_AND_ISSUE_ADS,2021-03-15,2021-03-17,2021-03-15,2021-03-17,3,IMAGE,LEARN_MORE,partijvoordedieren.nl,https://www.partijvoordedieren.nl/zweefvliegchecker,"Zweef jij nog tussen de beloften van partijen? Kijk dan op onze Zweefvliegchecker via de link in bio! 🐝 De beste test is stemgedrag, dus we hebben voor je uitgezocht hoe andere groene en progressieve partijen de afgelopen 4 jaar hebben gestemd over onderwerpen die voor ons belangrijk zijn, en wat de verschillen zijn! 💪

Je hebt deze verkiezingen de kans van je leven om een zo groen mogelijk beleid veilig te stellen. Met een grote en standvastige Partij voor de Dieren in het parlement. Samen kunnen we de historische doorbraak realiseren die nu letterlijk van levensbelang is! 💚

Ken jij zwevende zweefvliegen die nog niet weten wat ze gaan stemmen? Stuur ze de Zweefvliegchecker door!

#TK2021 #PvdD #groenlinks #d66 #sp #pvda","De Zweefvliegchecker - Voor wie zweeft tussen PvdD en GroenLinks, D66, SP of PvdA - Partij voor de Dieren","Voor wie zweeft tussen PvdD en GroenLinks, D66, SP of PvdA",500000,1000000,,900000,1000000,,,0.9,2,,10000,15000,EUR,true,"[""Reach and impressions were collected from the same public Meta Ad Library ad row."",""Reach source path: reachEstimate"",""Impressions source path: impressionsWithIndex.impressionsText"",""Impressions are a public range, so the row remains a weak/range label.""]","{""audienceStatus"":""META_DISCLOSED"",""audiencePath"":""reachEstimate"",""impressionsStatus"":""META_DISCLOSED"",""impressionsPath"":""impressionsWithIndex.impressionsText"",""sourceUrl"":""https://www.facebook.com/ads/library/?active_status=all&ad_type=political_and_issue_ads&country=NL&search_type=keyword_unordered&media_type=all&q=verkiezingen""}",2026-08-10T11:40:46.503Z
public-meta-26206378905628117-NL-2024-05-02-2024-06-07,PUBLIC_META_AD_LIBRARY,PUBLIC_META_DISCLOSED,WEAK_RANGE,26206378905628117,26206378905628117,,433611050005553,SGP,,,"[""FACEBOOK"",""INSTAGRAM""]",[],NL,EU_NL,PUBLIC_META_AD_LIBRARY_POLITICAL_AND_ISSUE_ADS,2024-05-02,2024-06-07,2024-05-02,2024-06-07,37,IMAGE,LEARN_MORE,sgp.nl,https://sgp.nl/verkiezingen,{{product.brand}},{{product.name}},{{product.description}},1000000,,,800000,900000,,,,0.9,,1500,2000,EUR,true,"[""Reach and impressions were collected from the same public Meta Ad Library ad row."",""Reach source path: reachEstimate"",""Impressions source path: impressionsWithIndex.impressionsText"",""Impressions are a public range, so the row remains a weak/range label.""]","{""audienceStatus"":""META_DISCLOSED"",""audiencePath"":""reachEstimate"",""impressionsStatus"":""META_DISCLOSED"",""impressionsPath"":""impressionsWithIndex.impressionsText"",""sourceUrl"":""https://www.facebook.com/ads/library/?active_status=all&ad_type=political_and_issue_ads&country=NL&search_type=keyword_unordered&media_type=all&q=verkiezingen""}",2026-08-10T11:40:46.503Z
public-meta-653718459854304-NL-2023-03-14-2023-03-16,PUBLIC_META_AD_LIBRARY,PUBLIC_META_DISCLOSED,WEAK_RANGE,653718459854304,653718459854304,,128393027527,SP,,,"[""FACEBOOK"",""INSTAGRAM""]",[],NL,EU_NL,PUBLIC_META_AD_LIBRARY_POLITICAL_AND_ISSUE_ADS,2023-03-14,2023-03-16,2023-03-14,2023-03-16,3,UNKNOWN,LEARN_MORE,verkiezingen.sp.nl,https://verkiezingen.sp.nl/?fblaatseoproep,{{product.brand}},{{product.name}},{{product.description}},1000000,,,900000,1000000,,,,1,,4500,5000,EUR,true,"[""Reach and impressions were collected from the same public Meta Ad Library ad row."",""Reach source path: reachEstimate"",""Impressions source path: impressionsWithIndex.impressionsText"",""Impressions are a public range, so the row remains a weak/range label.""]","{""audienceStatus"":""META_DISCLOSED"",""audiencePath"":""reachEstimate"",""impressionsStatus"":""META_DISCLOSED"",""impressionsPath"":""impressionsWithIndex.impressionsText"",""sourceUrl"":""https://www.facebook.com/ads/library/?active_status=all&ad_type=political_and_issue_ads&country=NL&search_type=keyword_unordered&media_type=all&q=verkiezingen""}",2026-08-10T11:40:46.503Z
public-meta-1491038668134187-NL-2023-11-16-2023-11-20,PUBLIC_META_AD_LIBRARY,PUBLIC_META_DISCLOSED,WEAK_RANGE,1491038668134187,1491038668134187,,159449970751999,Save the Children Nederland,,,"[""FACEBOOK"",""INSTAGRAM""]",[],NL,EU_NL,PUBLIC_META_AD_LIBRARY_POLITICAL_AND_ISSUE_ADS,2023-11-16,2023-11-20,2023-11-16,2023-11-20,5,IMAGE,LEARN_MORE,actie.savethechildren.nl,https://actie.savethechildren.nl/verkiezingen2023/?utm_source=instagram&utm_medium=cpc&utm_campaign=see-sb18-24-verkiezingen-static&utm_content=,{{product.brand}},{{product.name}},{{product.description}},1000000,,,800000,900000,,,,0.9,,2500,3000,EUR,true,"[""Reach and impressions were collected from the same public Meta Ad Library ad row."",""Reach source path: reachEstimate"",""Impressions source path: impressionsWithIndex.impressionsText"",""Impressions are a public range, so the row remains a weak/range label.""]","{""audienceStatus"":""META_DISCLOSED"",""audiencePath"":""reachEstimate"",""impressionsStatus"":""META_DISCLOSED"",""impressionsPath"":""impressionsWithIndex.impressionsText"",""sourceUrl"":""https://www.facebook.com/ads/library/?active_status=all&ad_type=political_and_issue_ads&country=NL&search_type=keyword_unordered&media_type=all&q=verkiezingen""}",2026-08-10T11:40:46.503Z
public-meta-1012432769508981-DE-2021-08-25-2021-09-09,PUBLIC_META_AD_LIBRARY,PUBLIC_META_DISCLOSED,WEAK_RANGE,1012432769508981,1012432769508981,,120655374567,ÖDP - Die Naturschutzpartei,,,"[""FACEBOOK"",""INSTAGRAM""]",[],DE,EU_DE,PUBLIC_META_AD_LIBRARY_POLITICAL_AND_ISSUE_ADS,2021-08-25,2021-09-09,2021-08-25,2021-09-09,16,VIDEO,LEARN_MORE,oedp.de,https://www.oedp.de/startseite,"Umwelt-, Tier- und Artenschutz gehören für uns zusammen. Unsere Bundestagskandidatin Emilia Kirner setzt sich, seitdem sie 17 Jahre alt ist, in der ÖDP für Tier- und Artenschutz ein: Einfach, weil ihr unser Planet so sehr am Herzen liegt. 

Wir stehen für konsequenten Tier- und Artenschutz. 

Deshalb: Bei der Bundestagswahl ÖDP wählen!",Entdecke jetzt unser Wahlprogramm 👉,,1000000,,,900000,1000000,,,,1,,1500,2000,EUR,true,"[""Reach and impressions were collected from the same public Meta Ad Library ad row."",""Reach source path: reachEstimate"",""Impressions source path: impressionsWithIndex.impressionsText"",""Impressions are a public range, so the row remains a weak/range label.""]","{""audienceStatus"":""META_DISCLOSED"",""audiencePath"":""reachEstimate"",""impressionsStatus"":""META_DISCLOSED"",""impressionsPath"":""impressionsWithIndex.impressionsText"",""sourceUrl"":""https://www.facebook.com/ads/library/?active_status=all&ad_type=political_and_issue_ads&country=DE&search_type=keyword_unordered&media_type=all&q=partei""}",2026-08-10T12:35:35.599Z
public-meta-1784825595640573-DE-2025-02-06-2025-02-23,PUBLIC_META_AD_LIBRARY,PUBLIC_META_DISCLOSED,WEAK_RANGE,1784825595640573,1784825595640573,,527683293756082,DrAnsay Backup,,,"[""FACEBOOK"",""INSTAGRAM""]",[],DE,EU_DE,PUBLIC_META_AD_LIBRARY_POLITICAL_AND_ISSUE_ADS,2025-02-06,2025-02-23,2025-02-06,2025-02-23,18,IMAGE,LEARN_MORE,dransay-partei.de,https://dransay-partei.de/,{{product.brand}},{{product.name}},{{product.description}},1000000,,,900000,1000000,,,,1,,1500,2000,EUR,true,"[""Reach and impressions were collected from the same public Meta Ad Library ad row."",""Reach source path: reachEstimate"",""Impressions source path: impressionsWithIndex.impressionsText"",""Impressions are a public range, so the row remains a weak/range label.""]","{""audienceStatus"":""META_DISCLOSED"",""audiencePath"":""reachEstimate"",""impressionsStatus"":""META_DISCLOSED"",""impressionsPath"":""impressionsWithIndex.impressionsText"",""sourceUrl"":""https://www.facebook.com/ads/library/?active_status=all&ad_type=political_and_issue_ads&country=DE&search_type=keyword_unordered&media_type=all&q=partei""}",2026-08-10T12:35:35.599Z
public-meta-3877739972465603-DE-2025-02-07-2025-02-19,PUBLIC_META_AD_LIBRARY,PUBLIC_META_DISCLOSED,WEAK_RANGE,3877739972465603,3877739972465603,,331832984040,LichtBlick,,,"[""FACEBOOK""]",[],DE,EU_DE,PUBLIC_META_AD_LIBRARY_POLITICAL_AND_ISSUE_ADS,2025-02-07,2025-02-19,2025-02-07,2025-02-19,13,IMAGE,,,,"🌍 Klimaschutz braucht eure Stimme! 🗳️ 

Ambitionierte Klimaziele? Das ist genau das, was wir jetzt brauchen. 💚 Bei der bevorstehenden #Bundestagswahl entscheiden wir gemeinsam, wie ernst Deutschland das Thema #Klimapolitik in Zukunft nimmt. ✅ 

Und das ist enorm wichtig! Der Expertenrat für Klimafragen zeigt: Der CO₂-Ausstoß sinkt zwar schneller als früher 👍🏻, aber die Klimaziele für 2030 sind noch weit entfernt. 👎🏻 Ohne entschlossene politische Maßnahmen wird das nichts! 

Was wir brauchen, sind konkrete Maßnahmen, die nicht nur das Klima schützen, sondern auch für bezahlbare Energie und Versorgungssicherheit sorgen. 🔋⚡ 

Wir haben uns die #Wahlprogramme der Parteien genauer angesehen – und mit klarem Fokus auf Klimaschutz und Energiewende bewertet.

Das Ergebnis: Es gibt viel zu tun. 💪🏻 Und jede Stimme zählt. Eure Stimme zählt! 🗳️ 

Wenn euch das Thema Klima so am Herzen liegt wie uns, dann… 

1️⃣ Lest die Wahlprogramme der Parteien. 
2️⃣ Sprecht mit Freund*innen & Familie darüber. 
3️⃣ Nutzt digitale Tools, um die Partei zu finden, die eure Werte vertritt (z.B. Wahl-O-Mat). 
4️⃣ Geht am 23.02. wählen und setzt ein Zeichen für den Klimaschutz! 🌱 

Gemeinsam holen wir den #Klimaschutz zurück auf die Agenda – für uns, unseren Planeten und kommende Generationen. 🌍 💚",,,1000000,,,900000,1000000,,,,1,,1500,2000,EUR,true,"[""Reach and impressions were collected from the same public Meta Ad Library ad row."",""Reach source path: reachEstimate"",""Impressions source path: impressionsWithIndex.impressionsText"",""Impressions are a public range, so the row remains a weak/range label.""]","{""audienceStatus"":""META_DISCLOSED"",""audiencePath"":""reachEstimate"",""impressionsStatus"":""META_DISCLOSED"",""impressionsPath"":""impressionsWithIndex.impressionsText"",""sourceUrl"":""https://www.facebook.com/ads/library/?active_status=all&ad_type=political_and_issue_ads&country=DE&search_type=keyword_unordered&media_type=all&q=partei""}",2026-08-10T12:35:35.599Z
public-meta-1783495472462979-DE-2024-12-28-2025-01-10,PUBLIC_META_AD_LIBRARY,PUBLIC_META_DISCLOSED,WEAK_RANGE,1783495472462979,1783495472462979,,460370383826099,Robert Habeck,,,"[""FACEBOOK"",""INSTAGRAM""]",[],DE,EU_DE,PUBLIC_META_AD_LIBRARY_POLITICAL_AND_ISSUE_ADS,2024-12-28,2025-01-10,2024-12-28,2025-01-10,14,VIDEO,LEARN_MORE,habeck2025.de,https://www.habeck2025.de/,"Alles, was mich in die Politik gebracht hat, läuft auf diesen Moment hinaus. Aus meiner Erfahrung, den Dingen, die ich auch in den vergangenen drei Jahren lernen konnte und aus dem, was mich ursprünglich in die Politik gebracht hat, erwächst mein Angebot: Probleme zu lösen und das Land besser zu machen.

Ein Mensch. Ein Wort.",,,500000,1000000,,900000,1000000,,,0.9,2,,6000,7000,EUR,true,"[""Reach and impressions were collected from the same public Meta Ad Library ad row."",""Reach source path: reachEstimate"",""Impressions source path: impressionsWithIndex.impressionsText"",""Impressions are a public range, so the row remains a weak/range label.""]","{""audienceStatus"":""META_DISCLOSED"",""audiencePath"":""reachEstimate"",""impressionsStatus"":""META_DISCLOSED"",""impressionsPath"":""impressionsWithIndex.impressionsText"",""sourceUrl"":""https://www.facebook.com/ads/library/?active_status=all&ad_type=political_and_issue_ads&country=DE&search_type=keyword_unordered&media_type=all&q=partei""}",2026-08-10T12:35:35.599Z
public-meta-486544506076833-DE-2021-08-11-2021-09-08,PUBLIC_META_AD_LIBRARY,PUBLIC_META_DISCLOSED,WEAK_RANGE,486544506076833,486544506076833,,120655374567,ÖDP - Die Naturschutzpartei,,,"[""FACEBOOK"",""INSTAGRAM""]",[],DE,EU_DE,PUBLIC_META_AD_LIBRARY_POLITICAL_AND_ISSUE_ADS,2021-08-11,2021-09-08,2021-08-11,2021-09-08,29,IMAGE,LEARN_MORE,facebook.com,https://www.facebook.com/oedp.de,"Die Klimakrise liegt nicht in der Zukunft – sie findet jetzt statt! Doch solange Lobbyisten der Großkonzerne unsere Gesetze mitformulieren, können wir nichts dagegen unternehmen. 

Als erste Partei bekennen wir uns zum 1,5 Grad-Ziel und zur Klimaneutralität bis 2030: Wir wollen 100 % erneuerbare Energien bis 2030, nur noch halb so viele Autos bis 2035, und wenn, dann elektrisch. Bus und Bahn müssen massiv gefördert werden. 

Ökologische Landwirtschaft mit weniger Tieren und artgerechter Haltung, Aufforstung und 10 % der Waldfläche als unbewirtschaftete Schutzgebiete.

Welche Maßnahmen zur Eindämmung der Klimakrise liegt euch besonders am Herzen?",,,1000000,,,900000,1000000,,,,1,,1000,1500,EUR,true,"[""Reach and impressions were collected from the same public Meta Ad Library ad row."",""Reach source path: reachEstimate"",""Impressions source path: impressionsWithIndex.impressionsText"",""Impressions are a public range, so the row remains a weak/range label.""]","{""audienceStatus"":""META_DISCLOSED"",""audiencePath"":""reachEstimate"",""impressionsStatus"":""META_DISCLOSED"",""impressionsPath"":""impressionsWithIndex.impressionsText"",""sourceUrl"":""https://www.facebook.com/ads/library/?active_status=all&ad_type=political_and_issue_ads&country=DE&search_type=keyword_unordered&media_type=all&q=partei""}",2026-08-10T12:35:35.599Z
public-meta-1000044301996317-DE-2025-02-21-2025-02-23,PUBLIC_META_AD_LIBRARY,PUBLIC_META_DISCLOSED,WEAK_RANGE,1000044301996317,1000044301996317,,47217143218,BÜNDNIS 90/DIE GRÜNEN,,,"[""FACEBOOK"",""INSTAGRAM""]",[],DE,EU_DE,PUBLIC_META_AD_LIBRARY_POLITICAL_AND_ISSUE_ADS,2025-02-21,2025-02-23,2025-02-21,2025-02-23,3,IMAGE,LEARN_MORE,dabeisein.gruene.de,https://dabeisein.gruene.de/forms/wahlplan,"Das soziologische Columbia-Modell legt nahe, dass das soziale Umfeld – also Familie, Freundinnen und Freunde und Bekannte – eine große Rolle bei der Wahlentscheidung spielt. Gerade vor der Bundestagswahl am Sonntag ist es daher sinnvoll, mit euren Liebsten (noch) mal über eure politischen Ansichten zu sprechen. Solche Gespräche können helfen, unterschiedliche Perspektiven zu verstehen und sich einen neuen Eindruck zu machen. Das kann sehr sinnvoll sein, da mehr als jede zweite wahlberechtigte Person in Deutschland über 50 Jahre alt ist, und vielleicht aus Gewohnheit immer die gleiche Partei gewählt hat – bis jetzt! 🗳️

Tipps für ein konstruktives Gespräch:
💚 Offenheit zeigen: Frag nach den Beweggründen eurer Liebsten und hört aktiv zu.
💚 Gemeinsame Werte betonen: Findet Schnittmengen in euren Überzeugungen.
💚 Respektvoll bleiben: Vermeide Vorwürfe und bleib sachlich für einen positiven Austausch.

Lasst uns die Chance nutzen, durch respektvollen Dialog gemeinsam die Zukunft zu gestalten. Also ran an den Hörer! 📳",Wen wirst du an die Wahl erinnern?,Weißt Du schon wann und wen Du wählen wirst? Ich habe meine Wahl schon geplant. Trag sie Dir jetzt auch schon mit dem Wahlplaner in den Kalender ein:,1000000,,,900000,1000000,,,,1,,2000,2500,EUR,true,"[""Reach and impressions were collected from the same public Meta Ad Library ad row."",""Reach source path: reachEstimate"",""Impressions source path: impressionsWithIndex.impressionsText"",""Impressions are a public range, so the row remains a weak/range label.""]","{""audienceStatus"":""META_DISCLOSED"",""audiencePath"":""reachEstimate"",""impressionsStatus"":""META_DISCLOSED"",""impressionsPath"":""impressionsWithIndex.impressionsText"",""sourceUrl"":""https://www.facebook.com/ads/library/?active_status=all&ad_type=political_and_issue_ads&country=DE&search_type=keyword_unordered&media_type=all&q=partei""}",2026-08-10T12:35:35.599Z
public-meta-1273240307113526-DE-2025-02-15-2025-02-24,PUBLIC_META_AD_LIBRARY,PUBLIC_META_DISCLOSED,WEAK_RANGE,1273240307113526,1273240307113526,,47694585682,Die Linke,,,"[""INSTAGRAM""]",[],DE,EU_DE,PUBLIC_META_AD_LIBRARY_POLITICAL_AND_ISSUE_ADS,2025-02-15,2025-02-24,2025-02-15,2025-02-24,10,VIDEO,,,,"In diesem Wahlkampf wurde schon viel gesagt, nur nicht das Wichtigste. Bei dieser Wahl geht es uns um die Menschen. Jeden, der gerade so über den Monat kommt. Jede, die weiß, dass sie mehr verdient hat.

Alle, für die die etablierten Parteien kein besseres Angebot haben außer Spaltung, Ablenkung und leere Versprechen.

Klar ist: Die nächste Regierung – egal welche Koalition – wird nicht unsere Interessen vertreten, sondern die der Milliardäre. Aber das ist nicht das Ende.

Die Linke kann nicht alleine die Mieten einfrieren oder die Löhne anheben. Wir sind ehrlich. Aber was wir Dir anbieten, ist, dass wir nach der Wahl gemeinsam dafür kämpfen können. Denn echte Stärke entsteht dort, wo wir für einander einstehen. Und deshalb geben wir nur ein Versprechen: wir werden immer an der Seite arbeitenden Menschen stehen, auch nach der Wahl.

Deshalb am 23.Februar die Linke wählen. Damit dieses Land endlich wieder für uns funktioniert.

#DieLinke #Linke",,,1000000,,,800000,900000,,,,0.9,,6000,7000,EUR,true,"[""Reach and impressions were collected from the same public Meta Ad Library ad row."",""Reach source path: reachEstimate"",""Impressions source path: impressionsWithIndex.impressionsText"",""Impressions are a public range, so the row remains a weak/range label.""]","{""audienceStatus"":""META_DISCLOSED"",""audiencePath"":""reachEstimate"",""impressionsStatus"":""META_DISCLOSED"",""impressionsPath"":""impressionsWithIndex.impressionsText"",""sourceUrl"":""https://www.facebook.com/ads/library/?active_status=all&ad_type=political_and_issue_ads&country=DE&search_type=keyword_unordered&media_type=all&q=partei""}",2026-08-10T12:35:35.599Z
public-meta-1268596521106706-DE-2025-02-04-2025-02-23,PUBLIC_META_AD_LIBRARY,PUBLIC_META_DISCLOSED,WEAK_RANGE,1268596521106706,1268596521106706,,119719321228805,AfDnee,,,"[""FACEBOOK"",""INSTAGRAM""]",[],DE,EU_DE,PUBLIC_META_AD_LIBRARY_POLITICAL_AND_ISSUE_ADS,2025-02-04,2025-02-23,2025-02-04,2025-02-23,20,IMAGE,LEARN_MORE,afdnee.de,https://afdnee.de/,"Die AfD schadet Dir! Mach den Faktencheck auf AfDnee.de/faktencheck
Damit aus Deinem Denkzettel kein Bumerang wird.

Dir gefällt diese Kampagne? Dann erhöhe unsere Reichweite in die AfD-Filterblasen!
Alle Infos auf AfDnee.de/spenden oder AfDnee.de/sponsoring",AfDnee,,1000000,,,800000,900000,,,,0.9,,1500,2000,EUR,true,"[""Reach and impressions were collected from the same public Meta Ad Library ad row."",""Reach source path: reachEstimate"",""Impressions source path: impressionsWithIndex.impressionsText"",""Impressions are a public range, so the row remains a weak/range label.""]","{""audienceStatus"":""META_DISCLOSED"",""audiencePath"":""reachEstimate"",""impressionsStatus"":""META_DISCLOSED"",""impressionsPath"":""impressionsWithIndex.impressionsText"",""sourceUrl"":""https://www.facebook.com/ads/library/?active_status=all&ad_type=political_and_issue_ads&country=DE&search_type=keyword_unordered&media_type=all&q=partei""}",2026-08-10T12:35:35.599Z
public-meta-3889840447931355-DE-2025-01-29-2025-02-01,PUBLIC_META_AD_LIBRARY,PUBLIC_META_DISCLOSED,WEAK_RANGE,3889840447931355,3889840447931355,,460370383826099,Robert Habeck,,,"[""FACEBOOK"",""INSTAGRAM""]",[],DE,EU_DE,PUBLIC_META_AD_LIBRARY_POLITICAL_AND_ISSUE_ADS,2025-01-29,2025-02-01,2025-01-29,2025-02-01,4,VIDEO,LEARN_MORE,habeck2025.de,http://www.habeck2025.de/,"Wir stehen an einem Scheideweg in der politischen Kultur unseres Landes. Von Adenauer bis Merkel haben konservative Kanzler sich stets in den Dienst Europas gestellt. Doch Friedrich Merz ist gerade dabei, eine Mehrheit mit erklärten EU-Feinden und Putinfreunden – mit der in Teilen gesichert rechtsextremen AfD – zu bilden. Er reißt damit eine Grenze ein, die fundamental ist für dieses Land. Dieses Verhalten macht Europa kaputt und schadet unseren deutschen Interessen. Deshalb appelliere ich noch einmal: Tun Sie es nicht, Herr Merz.",,,1000000,,,800000,900000,,,,0.9,,8000,9000,EUR,true,"[""Reach and impressions were collected from the same public Meta Ad Library ad row."",""Reach source path: reachEstimate"",""Impressions source path: impressionsWithIndex.impressionsText"",""Impressions are a public range, so the row remains a weak/range label.""]","{""audienceStatus"":""META_DISCLOSED"",""audiencePath"":""reachEstimate"",""impressionsStatus"":""META_DISCLOSED"",""impressionsPath"":""impressionsWithIndex.impressionsText"",""sourceUrl"":""https://www.facebook.com/ads/library/?active_status=all&ad_type=political_and_issue_ads&country=DE&search_type=keyword_unordered&media_type=all&q=partei""}",2026-08-10T12:35:35.599Z
public-meta-915292132797615-DE-2022-12-31-2023-01-05,PUBLIC_META_AD_LIBRARY,PUBLIC_META_DISCLOSED,WEAK_RANGE,915292132797615,915292132797615,,261985647756704,AfD im EU-Parlament,,,"[""FACEBOOK"",""INSTAGRAM""]",[],DE,EU_DE,PUBLIC_META_AD_LIBRARY_POLITICAL_AND_ISSUE_ADS,2022-12-31,2023-01-05,2022-12-31,2023-01-05,6,VIDEO,,,,"+++ Regierungen haben uns systematisch belogen! +++

Was passierte 2022 in Spanien, Österreich und Deutschland?
Eine international besetzte Runde lässt in unserem Talkformat ""Der Blick auf Brüssel"" das Jahr 2022 kritisch Revue passieren und wagt eine Prognose für das kommende Jahr.

Es diskutieren unser Delegationsleiter Nicolaus Fest (Deutschland, AfD im EU-Parlament), Georg Mayer (Österreich, FPÖ) und Hermann Tertsch (Spanien, VOX España) - Moderatorin ist Uta Ogilvie.",Blick auf Brüssel | Regierungen haben uns systematisch belogen!,,1000000,,,800000,900000,,,,0.9,,2000,2500,EUR,true,"[""Reach and impressions were collected from the same public Meta Ad Library ad row."",""Reach source path: reachEstimate"",""Impressions source path: impressionsWithIndex.impressionsText"",""Impressions are a public range, so the row remains a weak/range label.""]","{""audienceStatus"":""META_DISCLOSED"",""audiencePath"":""reachEstimate"",""impressionsStatus"":""META_DISCLOSED"",""impressionsPath"":""impressionsWithIndex.impressionsText"",""sourceUrl"":""https://www.facebook.com/ads/library/?active_status=all&ad_type=political_and_issue_ads&country=DE&search_type=keyword_unordered&media_type=all&q=partei""}",2026-08-10T12:35:35.600Z
public-meta-1585879512191063-DE-2025-01-27-2025-01-30,PUBLIC_META_AD_LIBRARY,PUBLIC_META_DISCLOSED,WEAK_RANGE,1585879512191063,1585879512191063,,460370383826099,Robert Habeck,,,"[""FACEBOOK"",""INSTAGRAM""]",[],DE,EU_DE,PUBLIC_META_AD_LIBRARY_POLITICAL_AND_ISSUE_ADS,2025-01-27,2025-01-30,2025-01-27,2025-01-30,4,VIDEO,LEARN_MORE,habeck2025.de,http://www.habeck2025.de/,"Im tagesthemen-Interview zum gefährlichen Verhalten der Union, zum Sicherheitspaket und der Notwendigkeit, dass die demokratischen Parteien in den Dialog gehen – aber basierend auf dem geltenden Recht und mit einer klaren Abgrenzung nach rechts. Schaut rein!",,,1000000,,,800000,900000,,,,0.9,,4500,5000,EUR,true,"[""Reach and impressions were collected from the same public Meta Ad Library ad row."",""Reach source path: reachEstimate"",""Impressions source path: impressionsWithIndex.impressionsText"",""Impressions are a public range, so the row remains a weak/range label.""]","{""audienceStatus"":""META_DISCLOSED"",""audiencePath"":""reachEstimate"",""impressionsStatus"":""META_DISCLOSED"",""impressionsPath"":""impressionsWithIndex.impressionsText"",""sourceUrl"":""https://www.facebook.com/ads/library/?active_status=all&ad_type=political_and_issue_ads&country=DE&search_type=keyword_unordered&media_type=all&q=partei""}",2026-08-10T12:35:35.600Z
public-meta-966989721718955-DE-2025-02-19-2025-02-23,PUBLIC_META_AD_LIBRARY,PUBLIC_META_DISCLOSED,WEAK_RANGE,966989721718955,966989721718955,,460370383826099,Robert Habeck,,,"[""FACEBOOK"",""INSTAGRAM""]",[],DE,EU_DE,PUBLIC_META_AD_LIBRARY_POLITICAL_AND_ISSUE_ADS,2025-02-19,2025-02-23,2025-02-19,2025-02-23,5,VIDEO,LEARN_MORE,habeck2025.de,https://www.habeck2025.de/,"Die nächsten vier Jahre könnten die entscheidenden sein: beim Klimaschutz, für unsere Infrastruktur, dafür wohin sich unser Land entwickelt. Doch wenn in den nächsten vier Jahren in den Verhandlungen zu einer Regierung keine Stimme für die Zukunft zu Wort kommt, dann können das verschenkte Jahre sein.

Dafür braucht es ein starkes grünes Ergebnis. Weil wir die Partei sind, die Verantwortungsbereitschaft mit der Veränderungsbereitschaft kombiniert. Das sehe ich bei keiner anderen Partei, weder in der einen noch in der anderen Richtung.",,,1000000,,,900000,1000000,,,,1,,5000,6000,EUR,true,"[""Reach and impressions were collected from the same public Meta Ad Library ad row."",""Reach source path: reachEstimate"",""Impressions source path: impressionsWithIndex.impressionsText"",""Impressions are a public range, so the row remains a weak/range label.""]","{""audienceStatus"":""META_DISCLOSED"",""audiencePath"":""reachEstimate"",""impressionsStatus"":""META_DISCLOSED"",""impressionsPath"":""impressionsWithIndex.impressionsText"",""sourceUrl"":""https://www.facebook.com/ads/library/?active_status=all&ad_type=political_and_issue_ads&country=DE&search_type=keyword_unordered&media_type=all&q=partei""}",2026-08-10T12:35:35.600Z
public-meta-895505946032362-DE-2024-11-14-2025-01-04,PUBLIC_META_AD_LIBRARY,PUBLIC_META_DISCLOSED,WEAK_RANGE,895505946032362,895505946032362,,21289227249,FDP,,,"[""FACEBOOK"",""INSTAGRAM""]",[],DE,EU_DE,PUBLIC_META_AD_LIBRARY_POLITICAL_AND_ISSUE_ADS,2024-11-14,2025-01-04,2024-11-14,2025-01-04,52,UNKNOWN,LEARN_MORE,mitgliedwerden.fdp.de,https://mitgliedwerden.fdp.de/?mtm_campaign=Mitgliedwerden&mtm_source=Meta&mtm_medium=Darkads&mtm_content=ReachWohlstand,{{product.brand}},{{product.name}},{{product.description}},1000000,,,800000,900000,,,,0.9,,1000,1500,EUR,true,"[""Reach and impressions were collected from the same public Meta Ad Library ad row."",""Reach source path: reachEstimate"",""Impressions source path: impressionsWithIndex.impressionsText"",""Impressions are a public range, so the row remains a weak/range label.""]","{""audienceStatus"":""META_DISCLOSED"",""audiencePath"":""reachEstimate"",""impressionsStatus"":""META_DISCLOSED"",""impressionsPath"":""impressionsWithIndex.impressionsText"",""sourceUrl"":""https://www.facebook.com/ads/library/?active_status=all&ad_type=political_and_issue_ads&country=DE&search_type=keyword_unordered&media_type=all&q=partei""}",2026-08-10T12:35:35.600Z
public-meta-425255070250417-DE-2024-05-08-2024-05-23,PUBLIC_META_AD_LIBRARY,PUBLIC_META_DISCLOSED,WEAK_RANGE,425255070250417,425255070250417,,164629470060120,Bündnis Sahra Wagenknecht - Vernunft und Gerechtigkeit,,,"[""FACEBOOK""]",[],DE,EU_DE,PUBLIC_META_AD_LIBRARY_POLITICAL_AND_ISSUE_ADS,2024-05-08,2024-05-23,2024-05-08,2024-05-23,16,VIDEO,NO_BUTTON,,,"Cancel Culture bei ARD und ZDF? Wer heute Abend das Zweite Programm anschaltet, kann sich eine Debatte zum Thema ""Wie geht's Deutschland - Die ungerechte Republik"" anschauen. Das ZDF wollte den zweiten Teil des Titels offenbar besonders nachdrücklich schon mit seiner Einladungspraxis bestätigen. Eingeladen wurden nämlich exakt sieben der acht im Bundestag vertretenen Parteien. Das BSW fehlt, obwohl (oder weil?) die Umfragen einen Rückhalt der Wähler signalisieren, der jedenfalls höher ist als bei zwei der eingeladenen Parteien. Diese Einladungspraxis soll auch für alle folgenden Vor-Wahlsendungen in ARD und ZDF gelten, wie uns heute mitgeteilt wurde. Das Bündnis Sahra Wagenknecht als einzige im Bundestag vertretene Partei von den Vorwahlsendungen auszuschließen, ist durch nichts begründbar und eine bodenlose Frechheit.

Offenbar ist die Angst der etablierten Parteien vor uns mittlerweile so groß, dass ihnen sogar eine starke AfD immer noch lieber ist als ein weiteres Erstarken des BSW. Vielleicht, weil sie wissen, dass wir uns nicht durch Extremismus ins Abseits stellen lassen und daher die bestehenden Machtverhältnisse tatsächlich verändern können?

ARD und ZDF sollten sich endlich wieder auf ihren Informationsauftrag besinnen. Im Bundestag sitzen aktuell acht Parteien und nicht sieben. Die Gebührenzahler haben ein Recht darauf, sie alle zu sehen und zu hören!
#daserste #zdf #cancelculture",Cancel Culture bei ARD und ZDF?,,1000000,,,700000,800000,,,,0.8,,1000,1500,EUR,true,"[""Reach and impressions were collected from the same public Meta Ad Library ad row."",""Reach source path: reachEstimate"",""Impressions source path: impressionsWithIndex.impressionsText"",""Impressions are a public range, so the row remains a weak/range label.""]","{""audienceStatus"":""META_DISCLOSED"",""audiencePath"":""reachEstimate"",""impressionsStatus"":""META_DISCLOSED"",""impressionsPath"":""impressionsWithIndex.impressionsText"",""sourceUrl"":""https://www.facebook.com/ads/library/?active_status=all&ad_type=political_and_issue_ads&country=DE&search_type=keyword_unordered&media_type=all&q=partei""}",2026-08-10T12:35:35.600Z
public-meta-547264181006762-DE-2025-02-20-2025-02-21,PUBLIC_META_AD_LIBRARY,PUBLIC_META_DISCLOSED,WEAK_RANGE,547264181006762,547264181006762,,47217143218,BÜNDNIS 90/DIE GRÜNEN,,,"[""FACEBOOK"",""INSTAGRAM""]",[],DE,EU_DE,PUBLIC_META_AD_LIBRARY_POLITICAL_AND_ISSUE_ADS,2025-02-20,2025-02-21,2025-02-20,2025-02-21,2,IMAGE,LEARN_MORE,dabeisein.gruene.de,https://dabeisein.gruene.de/forms/wahlplan,{{product.brand}},{{product.name}},{{product.description}},1000000,,,700000,800000,,,,0.8,,2500,3000,EUR,true,"[""Reach and impressions were collected from the same public Meta Ad Library ad row."",""Reach source path: reachEstimate"",""Impressions source path: impressionsWithIndex.impressionsText"",""Impressions are a public range, so the row remains a weak/range label.""]","{""audienceStatus"":""META_DISCLOSED"",""audiencePath"":""reachEstimate"",""impressionsStatus"":""META_DISCLOSED"",""impressionsPath"":""impressionsWithIndex.impressionsText"",""sourceUrl"":""https://www.facebook.com/ads/library/?active_status=all&ad_type=political_and_issue_ads&country=DE&search_type=keyword_unordered&media_type=all&q=partei""}",2026-08-10T12:35:35.600Z
public-meta-343345205271060-DE-2024-01-24-2024-03-01,PUBLIC_META_AD_LIBRARY,PUBLIC_META_DISCLOSED,WEAK_RANGE,343345205271060,343345205271060,,1919185338293853,AfD-Fraktion NRW,,,"[""FACEBOOK"",""INSTAGRAM""]",[],DE,EU_DE,PUBLIC_META_AD_LIBRARY_POLITICAL_AND_ISSUE_ADS,2024-01-24,2024-03-01,2024-01-24,2024-03-01,38,VIDEO,NO_BUTTON,,,"++ Volltreffer: AfD dreht den Spieß um! ++

Wer anderen eine Grube gräbt: Die staatlich gelenkte Anti-AfD-Kampagne geht wenige Tage später grandios nach hinten los.

Christian Loose, MdL (AfD-Fraktion NRW), konfrontiert die Altparteien mit Skandal-Zitaten. Als alle schreien, löst er auf, von wem sie wirklich stammen!",Anti-AfD-Hetze wird zum Bumerang! – Christian Loose (AfD),,1000000,,,700000,800000,,,,0.8,,1500,2000,EUR,true,"[""Reach and impressions were collected from the same public Meta Ad Library ad row."",""Reach source path: reachEstimate"",""Impressions source path: impressionsWithIndex.impressionsText"",""Impressions are a public range, so the row remains a weak/range label.""]","{""audienceStatus"":""META_DISCLOSED"",""audiencePath"":""reachEstimate"",""impressionsStatus"":""META_DISCLOSED"",""impressionsPath"":""impressionsWithIndex.impressionsText"",""sourceUrl"":""https://www.facebook.com/ads/library/?active_status=all&ad_type=political_and_issue_ads&country=DE&search_type=keyword_unordered&media_type=all&q=partei""}",2026-08-10T12:35:35.600Z
public-meta-176793664204978-DE-2021-02-23-2021-03-13,PUBLIC_META_AD_LIBRARY,PUBLIC_META_DISCLOSED,WEAK_RANGE,176793664204978,176793664204978,,114511353674302,Wir2020 BW,,,"[""FACEBOOK"",""INSTAGRAM""]",[],DE,EU_DE,PUBLIC_META_AD_LIBRARY_POLITICAL_AND_ISSUE_ADS,2021-02-23,2021-03-13,2021-02-23,2021-03-13,19,VIDEO,LEARN_MORE,wir2020bw.de,https://www.wir2020bw.de/lockdown,"WiR2020 wählen - Lockdown beenden!
WiR sind überzeugt: Der ewige Lockdown muss aufhören. Jetzt. Demokratie geht besser.",Ich will wieder leben!,"Baden und Laufen am Meer ist gesund, die Seeluft macht Kopf und Seele frei. Wer dort Zeit verbringt, muss auch schlafen. Seit Monaten ist das nicht mehr möglich. Die Verordnungen der letzten Monate waren planlos und haben nichts gebracht. Weiterhin stecken sich die meisten Menschen, die schwer erkranken, in Pflegeeinrichtungen oder anderen medizinischen Institutionen an. WiR2020 macht Hotels, FeWos, Pensionen und Campingplätze wieder auf. Demokratie geht besser.",1000000,,,700000,800000,,,,0.8,,9000,10000,EUR,true,"[""Reach and impressions were collected from the same public Meta Ad Library ad row."",""Reach source path: reachEstimate"",""Impressions source path: impressionsWithIndex.impressionsText"",""Impressions are a public range, so the row remains a weak/range label.""]","{""audienceStatus"":""META_DISCLOSED"",""audiencePath"":""reachEstimate"",""impressionsStatus"":""META_DISCLOSED"",""impressionsPath"":""impressionsWithIndex.impressionsText"",""sourceUrl"":""https://www.facebook.com/ads/library/?active_status=all&ad_type=political_and_issue_ads&country=DE&search_type=keyword_unordered&media_type=all&q=partei""}",2026-08-10T12:35:35.600Z
public-meta-1019121793168814-DE-2024-05-22-2024-06-09,PUBLIC_META_AD_LIBRARY,PUBLIC_META_DISCLOSED,WEAK_RANGE,1019121793168814,1019121793168814,,109181114661229,Wahlleitung,,,"[""INSTAGRAM""]",[],DE,EU_DE,PUBLIC_META_AD_LIBRARY_POLITICAL_AND_ISSUE_ADS,2024-05-22,2024-06-09,2024-05-22,2024-06-09,19,UNKNOWN,,facebook.com,https://facebook.com/100075966506451,{{product.brand}},,,1000000,,,700000,800000,,,,0.8,,1500,2000,EUR,true,"[""Reach and impressions were collected from the same public Meta Ad Library ad row."",""Reach source path: reachEstimate"",""Impressions source path: impressionsWithIndex.impressionsText"",""Impressions are a public range, so the row remains a weak/range label.""]","{""audienceStatus"":""META_DISCLOSED"",""audiencePath"":""reachEstimate"",""impressionsStatus"":""META_DISCLOSED"",""impressionsPath"":""impressionsWithIndex.impressionsText"",""sourceUrl"":""https://www.facebook.com/ads/library/?active_status=all&ad_type=political_and_issue_ads&country=DE&search_type=keyword_unordered&media_type=all&q=partei""}",2026-08-10T12:35:35.600Z
public-meta-1152479059283940-DE-2024-05-01-2024-06-10,PUBLIC_META_AD_LIBRARY,PUBLIC_META_DISCLOSED,WEAK_RANGE,1152479059283940,1152479059283940,,106516184465027,DieBasis,,,"[""FACEBOOK""]",[],DE,EU_DE,PUBLIC_META_AD_LIBRARY_POLITICAL_AND_ISSUE_ADS,2024-05-01,2024-06-10,2024-05-01,2024-06-10,41,VIDEO,WATCH_MORE,diebasis-partei.de,https://diebasis-partei.de/wahlen/europawahl-2024/kandidaten-zur-eu-wahl/,"🕊️ Die Europäische Union, ursprünglich als Projekt zur Vermeidung von Kriegen gegründet, hat sich in ein Instrument der Macht verwandelt, das oft nicht mehr die Interessen der Bürger vertritt. - Jetzt ist die Zeit, unsere Richtung zu ändern. 

Ich, Anton Körner, kandidiere für die Europawahlen 2024 mit einem klaren Ziel: Frieden durch Diplomatie, Waffenstillstandsverhandlungen und echte Gespräche, nicht Kriegsrhetorik und militärische Interventionen. 

🌍 Die Basisdemokratische Partei Deutschland steht für einen gemeinsamen Dialog in Europa, für Frieden und Freiheit. 

🤝Glauben Sie noch an diese Werte? Dann unterstützen Sie uns bei der EU-Wahl am 09. Juni. Zusammen können wir Europa zurück zu seinen Wurzeln führen – einem Ort der Kooperation und des Friedens.

👉 Klicken Sie auf „Mehr ansehen“, um mehr über unsere Vision für Europa und wie wir diese erreichen wollen, zu erfahren!",Anton Körner für ein friedliches Europa!,,1000000,,,700000,800000,,,,0.8,,900,999,EUR,true,"[""Reach and impressions were collected from the same public Meta Ad Library ad row."",""Reach source path: reachEstimate"",""Impressions source path: impressionsWithIndex.impressionsText"",""Impressions are a public range, so the row remains a weak/range label.""]","{""audienceStatus"":""META_DISCLOSED"",""audiencePath"":""reachEstimate"",""impressionsStatus"":""META_DISCLOSED"",""impressionsPath"":""impressionsWithIndex.impressionsText"",""sourceUrl"":""https://www.facebook.com/ads/library/?active_status=all&ad_type=political_and_issue_ads&country=DE&search_type=keyword_unordered&media_type=all&q=partei""}",2026-08-10T12:35:35.600Z
public-meta-436298019263616-DE-2024-06-05-2024-06-09,PUBLIC_META_AD_LIBRARY,PUBLIC_META_DISCLOSED,WEAK_RANGE,436298019263616,436298019263616,,134209407129787,Volt Deutschland,,,"[""INSTAGRAM""]",[],DE,EU_DE,PUBLIC_META_AD_LIBRARY_POLITICAL_AND_ISSUE_ADS,2024-06-05,2024-06-09,2024-06-05,2024-06-09,5,IMAGE,LEARN_MORE,europa-wahl.eu,https://europa-wahl.eu/15,Warum Volt gerade so beliebt ist. #Europawahl #Volt,,,1000000,,,700000,800000,,,,0.8,,7000,8000,EUR,true,"[""Reach and impressions were collected from the same public Meta Ad Library ad row."",""Reach source path: reachEstimate"",""Impressions source path: impressionsWithIndex.impressionsText"",""Impressions are a public range, so the row remains a weak/range label.""]","{""audienceStatus"":""META_DISCLOSED"",""audiencePath"":""reachEstimate"",""impressionsStatus"":""META_DISCLOSED"",""impressionsPath"":""impressionsWithIndex.impressionsText"",""sourceUrl"":""https://www.facebook.com/ads/library/?active_status=all&ad_type=political_and_issue_ads&country=DE&search_type=keyword_unordered&media_type=all&q=partei""}",2026-08-10T12:35:35.600Z
public-meta-1314338703249073-DE-2025-01-08-2025-01-11,PUBLIC_META_AD_LIBRARY,PUBLIC_META_DISCLOSED,WEAK_RANGE,1314338703249073,1314338703249073,,21289227249,FDP,,,"[""INSTAGRAM""]",[],DE,EU_DE,PUBLIC_META_AD_LIBRARY_POLITICAL_AND_ISSUE_ADS,2025-01-08,2025-01-11,2025-01-08,2025-01-11,4,IMAGE,,,,"So lief unser Dreikönigstreffen #3K25. Jetzt geht's weiter!
#AllesLässtSichÄndern",,,1000000,,,600000,700000,,,,0.7,,1000,1500,EUR,true,"[""Reach and impressions were collected from the same public Meta Ad Library ad row."",""Reach source path: reachEstimate"",""Impressions source path: impressionsWithIndex.impressionsText"",""Impressions are a public range, so the row remains a weak/range label.""]","{""audienceStatus"":""META_DISCLOSED"",""audiencePath"":""reachEstimate"",""impressionsStatus"":""META_DISCLOSED"",""impressionsPath"":""impressionsWithIndex.impressionsText"",""sourceUrl"":""https://www.facebook.com/ads/library/?active_status=all&ad_type=political_and_issue_ads&country=DE&search_type=keyword_unordered&media_type=all&q=partei""}",2026-08-10T12:35:35.600Z
public-meta-1817877235283837-DE-2025-02-14-2025-02-23,PUBLIC_META_AD_LIBRARY,PUBLIC_META_DISCLOSED,WEAK_RANGE,1817877235283837,1817877235283837,,100813635794725,Evonik,,,"[""INSTAGRAM""]",[],DE,EU_DE,PUBLIC_META_AD_LIBRARY_POLITICAL_AND_ISSUE_ADS,2025-02-14,2025-02-23,2025-02-14,2025-02-23,10,IMAGE,,,,"Rückgrat beweisen – ganz einfach mit Deiner Stimme! 🗳️👇

Die Krisen der Gegenwart können wir nur mit einer stabilen demokratischen Regierung anpacken. Mit Deinem Kreuz stellst Du die Weichen für einen starken Standort Deutschland.

Deshalb: zur Bundestagswahl gehen und für eine Partei stimmen, die für unsere freiheitlich-demokratischen Grundwerte einsteht.

#Evonik #StimmeFürDemokratie #BTW2025",,,1000000,,,600000,700000,,,,0.7,,1000,1500,EUR,true,"[""Reach and impressions were collected from the same public Meta Ad Library ad row."",""Reach source path: reachEstimate"",""Impressions source path: impressionsWithIndex.impressionsText"",""Impressions are a public range, so the row remains a weak/range label.""]","{""audienceStatus"":""META_DISCLOSED"",""audiencePath"":""reachEstimate"",""impressionsStatus"":""META_DISCLOSED"",""impressionsPath"":""impressionsWithIndex.impressionsText"",""sourceUrl"":""https://www.facebook.com/ads/library/?active_status=all&ad_type=political_and_issue_ads&country=DE&search_type=keyword_unordered&media_type=all&q=partei""}",2026-08-10T12:35:35.600Z
public-meta-926389932991463-DE-2025-01-25-2025-02-18,PUBLIC_META_AD_LIBRARY,PUBLIC_META_DISCLOSED,WEAK_RANGE,926389932991463,926389932991463,,82734241364,Campact e.V.,,,"[""FACEBOOK""]",[],DE,EU_DE,PUBLIC_META_AD_LIBRARY_POLITICAL_AND_ISSUE_ADS,2025-01-25,2025-02-18,2025-01-25,2025-02-18,25,VIDEO,LEARN_MORE,campact.de,https://www.campact.de/bundestagswahl-2025/Merz-kein-kanzler-fuer-frauen/,"Wer schützt Frauen? 💪 Friedrich Merz wohl eher nicht. 
Er stimmte
❌ gegen uneingeschränkten Schutz vor Vergewaltigung in der Ehe.
❌ gegen das allgemeine Gleichbehandlungsgesetz.
Wie sicher können sich Frauen bei so einem Kanzlerkandidaten fühlen? 
➡  📹 Sieh dir das Video an und frage Dich selbst: Willst Du Merz wirklich als Kanzler?",Du hast die Wahl,Das Frauenbild von Friedrich Merz ist rückständiger als das seiner Partei – der CDU. In den letzten 30 Jahren hat der CDU-Kanzlerkandidat immer wieder gegen die Stärkung von Frauenrechten gestimmt.,1000000,,,700000,800000,,,,0.8,,2000,2500,EUR,true,"[""Reach and impressions were collected from the same public Meta Ad Library ad row."",""Reach source path: reachEstimate"",""Impressions source path: impressionsWithIndex.impressionsText"",""Impressions are a public range, so the row remains a weak/range label.""]","{""audienceStatus"":""META_DISCLOSED"",""audiencePath"":""reachEstimate"",""impressionsStatus"":""META_DISCLOSED"",""impressionsPath"":""impressionsWithIndex.impressionsText"",""sourceUrl"":""https://www.facebook.com/ads/library/?active_status=all&ad_type=political_and_issue_ads&country=DE&search_type=keyword_unordered&media_type=all&q=partei""}",2026-08-10T12:35:35.600Z
public-meta-641907278342866-DE-2025-02-15-2025-02-24,PUBLIC_META_AD_LIBRARY,PUBLIC_META_DISCLOSED,WEAK_RANGE,641907278342866,641907278342866,,110976485656573,Junge Liberale JuLis,,,"[""FACEBOOK"",""INSTAGRAM""]",[],DE,EU_DE,PUBLIC_META_AD_LIBRARY_POLITICAL_AND_ISSUE_ADS,2025-02-15,2025-02-24,2025-02-15,2025-02-24,10,VIDEO,LEARN_MORE,julis.de,https://julis.de/gude-freiheit/,"🚀 First Things First – All in für Wachstum! 

Deutschland steckt fest: Die Industrie leidet unter zu hohen Energiekosten. Jahrelanger Investitionsstau zugunsten von Konsum hat unsere Infrastruktur marode werden lassen. Die Bürokratie und immer mehr Vorschriften und Dokumentationspflichten belasten kleine wie große Betriebe. Die demografische Schieflage bedroht unsere Sozialsysteme und deutschen Unternehmen mangelt es an Fachkräften. Die Gefahr globaler Handelskriege wächst. Autokraten bedrohen unsere Sicherheits- und Friedensordnung und versuchen, uns mit Feinden von innen und außen zu destabilisieren. Unzählige Krisen und Herausforderungen prasseln von allen Seiten auf uns ein – und jede scheint gleich wichtig. 

Krisen erfordern, die richtigen Prioritäten zu setzen: Wir setzen Deutschlands Wirtschaftswachstum wieder auf die 🥇, weil wir an Leistung, Eigenverantwortung und Fortschritt glauben. Wir lassen uns keine Angst machen, sondern sind überzeugt: Die Zukunft wird besser als ihr Ruf. Wir glauben an Dich! 💛

Die Wachstumswende ist wählbar – und sie beginnt mit Dir. Am 23. Februar zählt jede Stimme. Lass Dich nicht klein machen. Kämpfe mit uns für eine starke, freie Zukunft!

📅 23. Februar 2025
Deine Stimme für die FDP. Für Wachstum. Für die Wende. 💪

#FirstThingsFirst #Wachstumswende #BTW25 #TeamFreiheit #Bundestagswahl2025 #jetztFDP",,,1000000,,,600000,700000,,,,0.7,,1000,1500,EUR,true,"[""Reach and impressions were collected from the same public Meta Ad Library ad row."",""Reach source path: reachEstimate"",""Impressions source path: impressionsWithIndex.impressionsText"",""Impressions are a public range, so the row remains a weak/range label.""]","{""audienceStatus"":""META_DISCLOSED"",""audiencePath"":""reachEstimate"",""impressionsStatus"":""META_DISCLOSED"",""impressionsPath"":""impressionsWithIndex.impressionsText"",""sourceUrl"":""https://www.facebook.com/ads/library/?active_status=all&ad_type=political_and_issue_ads&country=DE&search_type=keyword_unordered&media_type=all&q=partei""}",2026-08-10T12:35:35.600Z
public-meta-2020952684980970-DE-2025-02-21-2025-02-22,PUBLIC_META_AD_LIBRARY,PUBLIC_META_DISCLOSED,WEAK_RANGE,2020952684980970,2020952684980970,,47217143218,BÜNDNIS 90/DIE GRÜNEN,,,"[""INSTAGRAM""]",[],DE,EU_DE,PUBLIC_META_AD_LIBRARY_POLITICAL_AND_ISSUE_ADS,2025-02-21,2025-02-22,2025-02-21,2025-02-22,2,IMAGE,LEARN_MORE,dabeisein.gruene.de,https://dabeisein.gruene.de/forms/wahlplan,{{product.brand}},,,1000000,,,600000,700000,,,,0.7,,1500,2000,EUR,true,"[""Reach and impressions were collected from the same public Meta Ad Library ad row."",""Reach source path: reachEstimate"",""Impressions source path: impressionsWithIndex.impressionsText"",""Impressions are a public range, so the row remains a weak/range label.""]","{""audienceStatus"":""META_DISCLOSED"",""audiencePath"":""reachEstimate"",""impressionsStatus"":""META_DISCLOSED"",""impressionsPath"":""impressionsWithIndex.impressionsText"",""sourceUrl"":""https://www.facebook.com/ads/library/?active_status=all&ad_type=political_and_issue_ads&country=DE&search_type=keyword_unordered&media_type=all&q=partei""}",2026-08-10T12:35:35.600Z
public-meta-3517331778521891-DE-2023-09-29-2023-10-07,PUBLIC_META_AD_LIBRARY,PUBLIC_META_DISCLOSED,WEAK_RANGE,3517331778521891,3517331778521891,,112072139503036,Martin Hagen,,,"[""FACEBOOK"",""INSTAGRAM""]",[],DE,EU_DE,PUBLIC_META_AD_LIBRARY_POLITICAL_AND_ISSUE_ADS,2023-09-29,2023-10-07,2023-09-29,2023-10-07,9,UNKNOWN,LEARN_MORE,fdp-bayern.de,http://www.fdp-bayern.de/,{{product.brand}},{{product.name}},{{product.description}},1000000,,,600000,700000,,,,0.7,,1000,1500,EUR,true,"[""Reach and impressions were collected from the same public Meta Ad Library ad row."",""Reach source path: reachEstimate"",""Impressions source path: impressionsWithIndex.impressionsText"",""Impressions are a public range, so the row remains a weak/range label.""]","{""audienceStatus"":""META_DISCLOSED"",""audiencePath"":""reachEstimate"",""impressionsStatus"":""META_DISCLOSED"",""impressionsPath"":""impressionsWithIndex.impressionsText"",""sourceUrl"":""https://www.facebook.com/ads/library/?active_status=all&ad_type=political_and_issue_ads&country=DE&search_type=keyword_unordered&media_type=all&q=partei""}",2026-08-10T12:35:35.600Z
public-meta-1049989050504999-DE-2025-02-10-2025-02-24,PUBLIC_META_AD_LIBRARY,PUBLIC_META_DISCLOSED,WEAK_RANGE,1049989050504999,1049989050504999,,30774145303,NRWSPD,,,"[""FACEBOOK"",""INSTAGRAM""]",[],DE,EU_DE,PUBLIC_META_AD_LIBRARY_POLITICAL_AND_ISSUE_ADS,2025-02-10,2025-02-24,2025-02-10,2025-02-24,15,VIDEO,,,,"👪💸 „Wenn wir am Ende des Monats ein bisschen mehr Geld hätten, das wäre natürlich super. Und das funktioniert nur mit der SPD.“

So entlasten wir Familien:
✅ Mehr Kindergeld
✅ Kostenloses Schul- & Kita-Essen
✅ Bessere Schulen & Betreuung

Die SPD setzt sich für bessere Kinderbetreuung, gerechte Bildung und finanzielle Entlastung von Familien ein. Mehr Unterstützung und mehr Gerechtigkeit für eine gute Zukunft! 💪❤️

🗳️SPD wählen – und Familien spürbar entlasten!",Chat With Us,,1000000,,,700000,800000,,,,0.8,,3500,4000,EUR,true,"[""Reach and impressions were collected from the same public Meta Ad Library ad row."",""Reach source path: reachEstimate"",""Impressions source path: impressionsWithIndex.impressionsText"",""Impressions are a public range, so the row remains a weak/range label.""]","{""audienceStatus"":""META_DISCLOSED"",""audiencePath"":""reachEstimate"",""impressionsStatus"":""META_DISCLOSED"",""impressionsPath"":""impressionsWithIndex.impressionsText"",""sourceUrl"":""https://www.facebook.com/ads/library/?active_status=all&ad_type=political_and_issue_ads&country=DE&search_type=keyword_unordered&media_type=all&q=partei""}",2026-08-10T12:35:35.600Z
public-meta-501659735025834-DE-2022-05-05-2022-05-08,PUBLIC_META_AD_LIBRARY,PUBLIC_META_DISCLOSED,WEAK_RANGE,501659735025834,501659735025834,,107886391041638,dieBasis LV-Schleswig-Holstein,,,"[""FACEBOOK"",""INSTAGRAM""]",[],DE,EU_DE,PUBLIC_META_AD_LIBRARY_POLITICAL_AND_ISSUE_ADS,2022-05-05,2022-05-08,2022-05-05,2022-05-08,4,IMAGE,WATCH_MORE,diebasis-post.de,http://www.diebasis-post.de/,"Landwirtschaft der Zukunft.

Mehr als 80 Millionen Menschen in Deutschland müssen versorgt werden. Die regierenden Parteien sind uns viele Antworten schuldig geblieben, wie sie das möglichst autonom und autark bewerkstelligen wollen, um uns nicht von Importen und Krisen in der Welt abhängig zu machen.

#dieBasis vermisst u.a. auch Antworten auf folgende Fragen:

• Wie senken wir die Rückstände von Pflanzenschutzmitteln in unseren Lebensmitteln?

• Wie müssen die Zulassungsbestimmungen von Pflanzenschutzmitteln geändert werden, damit ein effektiver Insekten- und Gewässerschutz gewährleistet werden kann?

• Warum dürfen in Fertigprodukten Konservierungsmittel verwendet werden, die nachweislich die Gesundheit des Menschen schädigen?

• Sollen unsere Bauern Energiepflanzen oder Nahrungsmittel anbauen?

• Wie sehen Alternativen zur Patentierung von Saatgut in der Landwirtschaft aus?

#Landtagswahl SH: Deine Stimme für #Umwelt-, #Naturschutz und gesunde #Nahrung.

#ltwsh #dubistdiebasis #schleswigholstein #MeineBasisImNorden",Klicke hier um mehr zu erfahren,BASIS-Landung,1000000,,,700000,800000,,,,0.8,,1000,1500,EUR,true,"[""Reach and impressions were collected from the same public Meta Ad Library ad row."",""Reach source path: reachEstimate"",""Impressions source path: impressionsWithIndex.impressionsText"",""Impressions are a public range, so the row remains a weak/range label.""]","{""audienceStatus"":""META_DISCLOSED"",""audiencePath"":""reachEstimate"",""impressionsStatus"":""META_DISCLOSED"",""impressionsPath"":""impressionsWithIndex.impressionsText"",""sourceUrl"":""https://www.facebook.com/ads/library/?active_status=all&ad_type=political_and_issue_ads&country=DE&search_type=keyword_unordered&media_type=all&q=partei""}",2026-08-10T12:35:35.601Z
public-meta-574896798887123-DE-2025-02-21-2025-02-23,PUBLIC_META_AD_LIBRARY,PUBLIC_META_DISCLOSED,WEAK_RANGE,574896798887123,574896798887123,,47217143218,BÜNDNIS 90/DIE GRÜNEN,,,"[""FACEBOOK"",""INSTAGRAM""]",[],DE,EU_DE,PUBLIC_META_AD_LIBRARY_POLITICAL_AND_ISSUE_ADS,2025-02-21,2025-02-23,2025-02-21,2025-02-23,3,VIDEO,LEARN_MORE,habeck2025.de,http://www.habeck2025.de/,"Wir müssen Kompromisse wieder als Stärke begreifen. Politik bedeutet, Lösungen zu finden, nicht nur Probleme zu beklagen. Beides gehört zusammen: der Konflikt – aber auch der Konsens. Daran können wir alle mitarbeiten. Denn: Demokratie ist kein Zuschauersport. Für Veränderung ist deshalb eines wichtig: Wählen gehen!",Aufbruch statt Rückschritt - das geht nur mit Grün und mit Lösungen für die Menschen.,"Wir müssen Kompromisse wieder als Stärke begreifen. Politik bedeutet, Lösungen zu finden, nicht nur Probleme zu beklagen. Beides gehört zusammen: der Konflikt – aber auch der Konsens. Daran können wir alle mitarbeiten. Denn: Demokratie ist kein Zuschauersport. Für Veränderung ist deshalb eines wichtig: Wählen gehen!",1000000,,,700000,800000,,,,0.8,,6000,7000,EUR,true,"[""Reach and impressions were collected from the same public Meta Ad Library ad row."",""Reach source path: reachEstimate"",""Impressions source path: impressionsWithIndex.impressionsText"",""Impressions are a public range, so the row remains a weak/range label.""]","{""audienceStatus"":""META_DISCLOSED"",""audiencePath"":""reachEstimate"",""impressionsStatus"":""META_DISCLOSED"",""impressionsPath"":""impressionsWithIndex.impressionsText"",""sourceUrl"":""https://www.facebook.com/ads/library/?active_status=all&ad_type=political_and_issue_ads&country=DE&search_type=keyword_unordered&media_type=all&q=partei""}",2026-08-10T12:35:35.601Z
public-meta-2831212540382897-DE-2024-12-17-2024-12-20,PUBLIC_META_AD_LIBRARY,PUBLIC_META_DISCLOSED,WEAK_RANGE,2831212540382897,2831212540382897,,460370383826099,Robert Habeck,,,"[""FACEBOOK"",""INSTAGRAM""]",[],DE,EU_DE,PUBLIC_META_AD_LIBRARY_POLITICAL_AND_ISSUE_ADS,2024-12-17,2024-12-20,2024-12-17,2024-12-20,4,VIDEO,SUBSCRIBE,instagram.com,https://www.instagram.com/robert.habeck,"Alles, was mich in die Politik gebracht hat, läuft auf diesen Moment hinaus. Aus meiner Erfahrung, den Dingen, die ich auch in den vergangenen drei Jahren lernen konnte und aus dem, was mich ursprünglich in die Politik gebracht hat, erwächst mein Angebot: Probleme zu lösen und das Land besser zu machen.

Ein Mensch. Ein Wort.",,,1000000,,,600000,700000,,,,0.7,,5000,6000,EUR,true,"[""Reach and impressions were collected from the same public Meta Ad Library ad row."",""Reach source path: reachEstimate"",""Impressions source path: impressionsWithIndex.impressionsText"",""Impressions are a public range, so the row remains a weak/range label.""]","{""audienceStatus"":""META_DISCLOSED"",""audiencePath"":""reachEstimate"",""impressionsStatus"":""META_DISCLOSED"",""impressionsPath"":""impressionsWithIndex.impressionsText"",""sourceUrl"":""https://www.facebook.com/ads/library/?active_status=all&ad_type=political_and_issue_ads&country=DE&search_type=keyword_unordered&media_type=all&q=partei""}",2026-08-10T12:35:35.601Z
public-meta-1120343893172352-DE-2025-01-23-2025-02-24,PUBLIC_META_AD_LIBRARY,PUBLIC_META_DISCLOSED,WEAK_RANGE,1120343893172352,1120343893172352,,106516184465027,DieBasis,,,"[""FACEBOOK"",""INSTAGRAM""]",[],DE,EU_DE,PUBLIC_META_AD_LIBRARY_POLITICAL_AND_ISSUE_ADS,2025-01-23,2025-02-24,2025-01-23,2025-02-24,33,UNKNOWN,LEARN_MORE,diebasis-partei.de,https://diebasis-partei.de/wahlprogramm-2025,{{product.brand}},{{product.name}},{{product.description}},1000000,,,600000,700000,,,,0.7,,3000,3500,EUR,true,"[""Reach and impressions were collected from the same public Meta Ad Library ad row."",""Reach source path: reachEstimate"",""Impressions source path: impressionsWithIndex.impressionsText"",""Impressions are a public range, so the row remains a weak/range label.""]","{""audienceStatus"":""META_DISCLOSED"",""audiencePath"":""reachEstimate"",""impressionsStatus"":""META_DISCLOSED"",""impressionsPath"":""impressionsWithIndex.impressionsText"",""sourceUrl"":""https://www.facebook.com/ads/library/?active_status=all&ad_type=political_and_issue_ads&country=DE&search_type=keyword_unordered&media_type=all&q=partei""}",2026-08-10T12:35:35.601Z
public-meta-1152380256425977-DE-2025-02-20-2025-02-24,PUBLIC_META_AD_LIBRARY,PUBLIC_META_DISCLOSED,WEAK_RANGE,1152380256425977,1152380256425977,,47694585682,Die Linke,,,"[""FACEBOOK""]",[],DE,EU_DE,PUBLIC_META_AD_LIBRARY_POLITICAL_AND_ISSUE_ADS,2025-02-20,2025-02-24,2025-02-20,2025-02-24,5,IMAGE,,,,"Wir machen den Feminismus-Check: Welche Partei liefert, wenn es um Themen wie Gewaltschutzgesetz, Schwangerschaftsabbrüche und gleichen Lohn für gleiche Arbeit geht? Wer fordert kostenlose Hilfen, Verhütungsmittel- und Menstruationsprodukte? Wer will Gewaltprävention ausbauen?

Deine Stimme für Feminismus, Die Linke am 23.2!",,,1000000,,,600000,700000,,,,0.7,,1000,1500,EUR,true,"[""Reach and impressions were collected from the same public Meta Ad Library ad row."",""Reach source path: reachEstimate"",""Impressions source path: impressionsWithIndex.impressionsText"",""Impressions are a public range, so the row remains a weak/range label.""]","{""audienceStatus"":""META_DISCLOSED"",""audiencePath"":""reachEstimate"",""impressionsStatus"":""META_DISCLOSED"",""impressionsPath"":""impressionsWithIndex.impressionsText"",""sourceUrl"":""https://www.facebook.com/ads/library/?active_status=all&ad_type=political_and_issue_ads&country=DE&search_type=keyword_unordered&media_type=all&q=partei""}",2026-08-10T12:35:35.601Z
public-meta-1147236123458188-DE-2025-02-13-2025-02-23,PUBLIC_META_AD_LIBRARY,PUBLIC_META_DISCLOSED,WEAK_RANGE,1147236123458188,1147236123458188,,527683293756082,DrAnsay Backup,,,"[""FACEBOOK"",""INSTAGRAM""]",[],DE,EU_DE,PUBLIC_META_AD_LIBRARY_POLITICAL_AND_ISSUE_ADS,2025-02-13,2025-02-23,2025-02-13,2025-02-23,11,IMAGE,LEARN_MORE,dransay-partei.de,https://dransay-partei.de/,{{product.brand}},{{product.name}},{{product.description}},100000,500000,,600000,700000,,,1.2,7,,1500,2000,EUR,true,"[""Reach and impressions were collected from the same public Meta Ad Library ad row."",""Reach source path: reachEstimate"",""Impressions source path: impressionsWithIndex.impressionsText"",""Impressions are a public range, so the row remains a weak/range label.""]","{""audienceStatus"":""META_DISCLOSED"",""audiencePath"":""reachEstimate"",""impressionsStatus"":""META_DISCLOSED"",""impressionsPath"":""impressionsWithIndex.impressionsText"",""sourceUrl"":""https://www.facebook.com/ads/library/?active_status=all&ad_type=political_and_issue_ads&country=DE&search_type=keyword_unordered&media_type=all&q=partei""}",2026-08-10T12:35:35.601Z
public-meta-221342740005416-DE-2021-08-25-2021-09-15,PUBLIC_META_AD_LIBRARY,PUBLIC_META_DISCLOSED,WEAK_RANGE,221342740005416,221342740005416,,120655374567,ÖDP - Die Naturschutzpartei,,,"[""FACEBOOK"",""INSTAGRAM""]",[],DE,EU_DE,PUBLIC_META_AD_LIBRARY_POLITICAL_AND_ISSUE_ADS,2021-08-25,2021-09-15,2021-08-25,2021-09-15,22,VIDEO,LEARN_MORE,oedp.de,https://www.oedp.de/startseite,"""Es geht für mich um die Zukunft der Menschheit!"" - Unsere Bundestagskandidatin Verena Föttinger, Dipl.-Theologin und selbst vielfache Mutter und Großmutter, erklärt, warum sie sich schon so lange in der ÖDP engagiert, durch welche Katastrophe sie unsere Partei entdeckt hat und warum sie dazu aufruft, bei der Bundestagswahl ÖDP zu wählen.",Entdecke jetzt unser Wahlprogramm 👉,,1000000,,,600000,700000,,,,0.7,,1000,1500,EUR,true,"[""Reach and impressions were collected from the same public Meta Ad Library ad row."",""Reach source path: reachEstimate"",""Impressions source path: impressionsWithIndex.impressionsText"",""Impressions are a public range, so the row remains a weak/range label.""]","{""audienceStatus"":""META_DISCLOSED"",""audiencePath"":""reachEstimate"",""impressionsStatus"":""META_DISCLOSED"",""impressionsPath"":""impressionsWithIndex.impressionsText"",""sourceUrl"":""https://www.facebook.com/ads/library/?active_status=all&ad_type=political_and_issue_ads&country=DE&search_type=keyword_unordered&media_type=all&q=partei""}",2026-08-10T12:35:35.601Z
public-meta-1286619642228707-DE-2024-11-14-2025-01-03,PUBLIC_META_AD_LIBRARY,PUBLIC_META_DISCLOSED,WEAK_RANGE,1286619642228707,1286619642228707,,21289227249,FDP,,,"[""FACEBOOK"",""INSTAGRAM""]",[],DE,EU_DE,PUBLIC_META_AD_LIBRARY_POLITICAL_AND_ISSUE_ADS,2024-11-14,2025-01-03,2024-11-14,2025-01-03,51,UNKNOWN,LEARN_MORE,mitgliedwerden.fdp.de,https://mitgliedwerden.fdp.de/?mtm_campaign=Mitgliedwerden&mtm_source=Meta&mtm_medium=Darkads&mtm_content=ReachFreiheit,{{product.brand}},{{product.name}},{{product.description}},1000000,,,600000,700000,,,,0.7,,1000,1500,EUR,true,"[""Reach and impressions were collected from the same public Meta Ad Library ad row."",""Reach source path: reachEstimate"",""Impressions source path: impressionsWithIndex.impressionsText"",""Impressions are a public range, so the row remains a weak/range label.""]","{""audienceStatus"":""META_DISCLOSED"",""audiencePath"":""reachEstimate"",""impressionsStatus"":""META_DISCLOSED"",""impressionsPath"":""impressionsWithIndex.impressionsText"",""sourceUrl"":""https://www.facebook.com/ads/library/?active_status=all&ad_type=political_and_issue_ads&country=DE&search_type=keyword_unordered&media_type=all&q=partei""}",2026-08-10T12:35:35.601Z
public-meta-298853222126108-DE-2021-12-09-2021-12-29,PUBLIC_META_AD_LIBRARY,PUBLIC_META_DISCLOSED,WEAK_RANGE,298853222126108,298853222126108,,540404695989874,AfD,,,"[""FACEBOOK"",""INSTAGRAM""]",[],DE,EU_DE,PUBLIC_META_AD_LIBRARY_POLITICAL_AND_ISSUE_ADS,2021-12-09,2021-12-29,2021-12-09,2021-12-29,21,UNKNOWN,DONATE_NOW,spenden.afd.de,http://spenden.afd.de/,{{product.brand}},{{product.name}},{{product.description}},1000000,,,700000,800000,,,,0.8,,800,899,EUR,true,"[""Reach and impressions were collected from the same public Meta Ad Library ad row."",""Reach source path: reachEstimate"",""Impressions source path: impressionsWithIndex.impressionsText"",""Impressions are a public range, so the row remains a weak/range label.""]","{""audienceStatus"":""META_DISCLOSED"",""audiencePath"":""reachEstimate"",""impressionsStatus"":""META_DISCLOSED"",""impressionsPath"":""impressionsWithIndex.impressionsText"",""sourceUrl"":""https://www.facebook.com/ads/library/?active_status=all&ad_type=political_and_issue_ads&country=DE&search_type=keyword_unordered&media_type=all&q=partei""}",2026-08-10T12:35:35.601Z
public-meta-541439735584412-DE-2025-02-06-2025-02-23,PUBLIC_META_AD_LIBRARY,PUBLIC_META_DISCLOSED,WEAK_RANGE,541439735584412,541439735584412,,527683293756082,DrAnsay Backup,,,"[""FACEBOOK"",""INSTAGRAM""]",[],DE,EU_DE,PUBLIC_META_AD_LIBRARY_POLITICAL_AND_ISSUE_ADS,2025-02-06,2025-02-23,2025-02-06,2025-02-23,18,IMAGE,LEARN_MORE,dransay-partei.de,https://dransay-partei.de/,{{product.brand}},{{product.name}},{{product.description}},1000000,,,600000,700000,,,,0.7,,1000,1500,EUR,true,"[""Reach and impressions were collected from the same public Meta Ad Library ad row."",""Reach source path: reachEstimate"",""Impressions source path: impressionsWithIndex.impressionsText"",""Impressions are a public range, so the row remains a weak/range label.""]","{""audienceStatus"":""META_DISCLOSED"",""audiencePath"":""reachEstimate"",""impressionsStatus"":""META_DISCLOSED"",""impressionsPath"":""impressionsWithIndex.impressionsText"",""sourceUrl"":""https://www.facebook.com/ads/library/?active_status=all&ad_type=political_and_issue_ads&country=DE&search_type=keyword_unordered&media_type=all&q=partei""}",2026-08-10T12:35:35.601Z
public-meta-698124112448597-DE-2024-01-24-2024-03-13,PUBLIC_META_AD_LIBRARY,PUBLIC_META_DISCLOSED,WEAK_RANGE,698124112448597,698124112448597,,144381211367,Kein Bock Auf Nazis,,,"[""FACEBOOK"",""INSTAGRAM""]",[],DE,EU_DE,PUBLIC_META_AD_LIBRARY_POLITICAL_AND_ISSUE_ADS,2024-01-24,2024-03-13,2024-01-24,2024-03-13,50,UNKNOWN,LEARN_MORE,keinbockaufnazis.de,https://www.keinbockaufnazis.de/spenden/fb,{{product.brand}},{{product.name}},{{product.description}},1000000,,,600000,700000,,,,0.7,,8000,9000,EUR,true,"[""Reach and impressions were collected from the same public Meta Ad Library ad row."",""Reach source path: reachEstimate"",""Impressions source path: impressionsWithIndex.impressionsText"",""Impressions are a public range, so the row remains a weak/range label.""]","{""audienceStatus"":""META_DISCLOSED"",""audiencePath"":""reachEstimate"",""impressionsStatus"":""META_DISCLOSED"",""impressionsPath"":""impressionsWithIndex.impressionsText"",""sourceUrl"":""https://www.facebook.com/ads/library/?active_status=all&ad_type=political_and_issue_ads&country=DE&search_type=keyword_unordered&media_type=all&q=partei""}",2026-08-10T12:35:35.601Z
public-meta-990474249451008-DE-2024-06-06-2024-06-10,PUBLIC_META_AD_LIBRARY,PUBLIC_META_DISCLOSED,WEAK_RANGE,990474249451008,990474249451008,,218786540044,WWF Deutschland,,,"[""INSTAGRAM""]",[],DE,EU_DE,PUBLIC_META_AD_LIBRARY_POLITICAL_AND_ISSUE_ADS,2024-06-06,2024-06-10,2024-06-06,2024-06-10,5,IMAGE,LEARN_MORE,wwf.de,https://www.wwf.de/themen-projekte/politische-arbeit/europawahl/europawahl-2024-die-parteien-im-wwf-check?utm_medium=social_paid&utm_source=instagram&utm_campaign=europawahl,Geh wählen und mach die Europawahl am Sonntag zur Klimawahl. Deine Stimme zählt. Nutze sie.,,,1000000,,,600000,700000,,,,0.7,,4000,4500,EUR,true,"[""Reach and impressions were collected from the same public Meta Ad Library ad row."",""Reach source path: reachEstimate"",""Impressions source path: impressionsWithIndex.impressionsText"",""Impressions are a public range, so the row remains a weak/range label.""]","{""audienceStatus"":""META_DISCLOSED"",""audiencePath"":""reachEstimate"",""impressionsStatus"":""META_DISCLOSED"",""impressionsPath"":""impressionsWithIndex.impressionsText"",""sourceUrl"":""https://www.facebook.com/ads/library/?active_status=all&ad_type=political_and_issue_ads&country=DE&search_type=keyword_unordered&media_type=all&q=partei""}",2026-08-10T12:35:35.601Z
public-meta-625025067136971-DE-2025-02-21-2025-02-23,PUBLIC_META_AD_LIBRARY,PUBLIC_META_DISCLOSED,WEAK_RANGE,625025067136971,625025067136971,,47217143218,BÜNDNIS 90/DIE GRÜNEN,,,"[""FACEBOOK"",""INSTAGRAM""]",[],DE,EU_DE,PUBLIC_META_AD_LIBRARY_POLITICAL_AND_ISSUE_ADS,2025-02-21,2025-02-23,2025-02-21,2025-02-23,3,VIDEO,LEARN_MORE,habeck2025.de,http://www.habeck2025.de/,"Wir müssen Kompromisse wieder als Stärke begreifen. Politik bedeutet, Lösungen zu finden, nicht nur Probleme zu beklagen. Beides gehört zusammen: der Konflikt – aber auch der Konsens. Daran können wir alle mitarbeiten. Denn: Demokratie ist kein Zuschauersport. Für Veränderung ist deshalb eines wichtig: Wählen gehen!",Aufbruch statt Rückschritt - das geht nur mit Grün und mit Lösungen für die Menschen.,"Wir müssen Kompromisse wieder als Stärke begreifen. Politik bedeutet, Lösungen zu finden, nicht nur Probleme zu beklagen. Beides gehört zusammen: der Konflikt – aber auch der Konsens. Daran können wir alle mitarbeiten. Denn: Demokratie ist kein Zuschauersport. Für Veränderung ist deshalb eines wichtig: Wählen gehen!",1000000,,,600000,700000,,,,0.7,,5000,6000,EUR,true,"[""Reach and impressions were collected from the same public Meta Ad Library ad row."",""Reach source path: reachEstimate"",""Impressions source path: impressionsWithIndex.impressionsText"",""Impressions are a public range, so the row remains a weak/range label.""]","{""audienceStatus"":""META_DISCLOSED"",""audiencePath"":""reachEstimate"",""impressionsStatus"":""META_DISCLOSED"",""impressionsPath"":""impressionsWithIndex.impressionsText"",""sourceUrl"":""https://www.facebook.com/ads/library/?active_status=all&ad_type=political_and_issue_ads&country=DE&search_type=keyword_unordered&media_type=all&q=partei""}",2026-08-10T12:35:35.601Z
public-meta-1127761575740554-DE-2024-12-26-2024-12-29,PUBLIC_META_AD_LIBRARY,PUBLIC_META_DISCLOSED,WEAK_RANGE,1127761575740554,1127761575740554,,460370383826099,Robert Habeck,,,"[""FACEBOOK"",""INSTAGRAM""]",[],DE,EU_DE,PUBLIC_META_AD_LIBRARY_POLITICAL_AND_ISSUE_ADS,2024-12-26,2024-12-29,2024-12-26,2024-12-29,4,VIDEO,LEARN_MORE,habeck2025.de,https://www.habeck2025.de/,"Alles, was mich in die Politik gebracht hat, läuft auf diesen Moment hinaus. Aus meiner Erfahrung, den Dingen, die ich auch in den vergangenen drei Jahren lernen konnte und aus dem, was mich ursprünglich in die Politik gebracht hat, erwächst mein Angebot: Probleme zu lösen und das Land besser zu machen.

Ein Mensch. Ein Wort.",,,1000000,,,600000,700000,,,,0.7,,4000,4500,EUR,true,"[""Reach and impressions were collected from the same public Meta Ad Library ad row."",""Reach source path: reachEstimate"",""Impressions source path: impressionsWithIndex.impressionsText"",""Impressions are a public range, so the row remains a weak/range label.""]","{""audienceStatus"":""META_DISCLOSED"",""audiencePath"":""reachEstimate"",""impressionsStatus"":""META_DISCLOSED"",""impressionsPath"":""impressionsWithIndex.impressionsText"",""sourceUrl"":""https://www.facebook.com/ads/library/?active_status=all&ad_type=political_and_issue_ads&country=DE&search_type=keyword_unordered&media_type=all&q=partei""}",2026-08-10T12:35:35.601Z
public-meta-188153256573937-DE-2021-08-11-2021-09-08,PUBLIC_META_AD_LIBRARY,PUBLIC_META_DISCLOSED,WEAK_RANGE,188153256573937,188153256573937,,120655374567,ÖDP - Die Naturschutzpartei,,,"[""FACEBOOK"",""INSTAGRAM""]",[],DE,EU_DE,PUBLIC_META_AD_LIBRARY_POLITICAL_AND_ISSUE_ADS,2021-08-11,2021-09-08,2021-08-11,2021-09-08,29,IMAGE,LEARN_MORE,facebook.com,https://www.facebook.com/oedp.de,"Ein Leben auf 1,4 m2? Die ÖDP ist gegen den Kastenstand 🐷 und gegen Massentierhaltung. Denn: Der Ausstieg ist nicht beschlossen, nur die Verkürzung der Aufenthaltsdauer von Millionen Sauen und es gibt extrem lange Übergangsfristen von 8 bis 17 Jahren! 

Wir müssen die Übergangszeiten für eine käfigfreie Haltung verkürzen, Bauern dabei unterstützen und Verbraucher/-innen angemessen über Haltungsformen informieren! #LasstdieSauraus!",,,1000000,,,600000,700000,,,,0.7,,800,899,EUR,true,"[""Reach and impressions were collected from the same public Meta Ad Library ad row."",""Reach source path: reachEstimate"",""Impressions source path: impressionsWithIndex.impressionsText"",""Impressions are a public range, so the row remains a weak/range label.""]","{""audienceStatus"":""META_DISCLOSED"",""audiencePath"":""reachEstimate"",""impressionsStatus"":""META_DISCLOSED"",""impressionsPath"":""impressionsWithIndex.impressionsText"",""sourceUrl"":""https://www.facebook.com/ads/library/?active_status=all&ad_type=political_and_issue_ads&country=DE&search_type=keyword_unordered&media_type=all&q=partei""}",2026-08-10T12:35:35.601Z
public-meta-1168826544288394-DE-2024-05-13-2024-06-10,PUBLIC_META_AD_LIBRARY,PUBLIC_META_DISCLOSED,WEAK_RANGE,1168826544288394,1168826544288394,,106516184465027,DieBasis,,,"[""FACEBOOK"",""INSTAGRAM""]",[],DE,EU_DE,PUBLIC_META_AD_LIBRARY_POLITICAL_AND_ISSUE_ADS,2024-05-13,2024-06-10,2024-05-13,2024-06-10,29,UNKNOWN,WATCH_MORE,diebasisbewegt.eu,https://diebasisbewegt.eu/,{{product.brand}},{{product.name}},{{product.description}},1000000,,,600000,700000,,,,0.7,,3500,4000,EUR,true,"[""Reach and impressions were collected from the same public Meta Ad Library ad row."",""Reach source path: reachEstimate"",""Impressions source path: impressionsWithIndex.impressionsText"",""Impressions are a public range, so the row remains a weak/range label.""]","{""audienceStatus"":""META_DISCLOSED"",""audiencePath"":""reachEstimate"",""impressionsStatus"":""META_DISCLOSED"",""impressionsPath"":""impressionsWithIndex.impressionsText"",""sourceUrl"":""https://www.facebook.com/ads/library/?active_status=all&ad_type=political_and_issue_ads&country=DE&search_type=keyword_unordered&media_type=all&q=partei""}",2026-08-10T12:35:35.601Z
public-meta-412781788261540-DE-2024-05-24-2024-06-10,PUBLIC_META_AD_LIBRARY,PUBLIC_META_DISCLOSED,WEAK_RANGE,412781788261540,412781788261540,,293240477198971,Familien-Partei-Deutschlands,,,"[""FACEBOOK"",""INSTAGRAM""]",[],DE,EU_DE,PUBLIC_META_AD_LIBRARY_POLITICAL_AND_ISSUE_ADS,2024-05-24,2024-06-10,2024-05-24,2024-06-10,18,IMAGE,LEARN_MORE,waehlefamilie.de,http://www.waehlefamilie.de/,"🇪🇺 Deine Wahl am 09. Juni 🇪🇺

Wir sind auf vielen Ebenen bereits ein Aktivposten im Europaparlament und stärken u.a. die Familien.
Unser Grundsatz für unser Europa ist, dass nur aus starken Familien ein starkes Europa entsteht, dass sich in dieser globalen Welt behaupten kann! 
Die Familien-Partei setzt sich dafür ein, dass Europa zukünftig sozialer und gesundheitspolitisch ausgestaltet wird.

🇪🇺 Deine Wahl am 09. Juni 🇪🇺",Familien-Partei Deutschlands | Partei,"Wir betreiben Familienpolitik als Grundlage aller Politikbereiche und bedienen nicht eine einzelne Thematik und sehen unsere politische Chance als Kleinpartei neben dem direkten Mitwirken in den Volksvertretungen auch in der Einflussnahme auf die Programme und Entscheidungen der großen Parteien, in...",1000000,,,600000,700000,,,,0.7,,3500,4000,EUR,true,"[""Reach and impressions were collected from the same public Meta Ad Library ad row."",""Reach source path: reachEstimate"",""Impressions source path: impressionsWithIndex.impressionsText"",""Impressions are a public range, so the row remains a weak/range label.""]","{""audienceStatus"":""META_DISCLOSED"",""audiencePath"":""reachEstimate"",""impressionsStatus"":""META_DISCLOSED"",""impressionsPath"":""impressionsWithIndex.impressionsText"",""sourceUrl"":""https://www.facebook.com/ads/library/?active_status=all&ad_type=political_and_issue_ads&country=DE&search_type=keyword_unordered&media_type=all&q=partei""}",2026-08-10T12:35:35.601Z
public-meta-657477296846201-DE-2025-02-15-2025-02-19,PUBLIC_META_AD_LIBRARY,PUBLIC_META_DISCLOSED,WEAK_RANGE,657477296846201,657477296846201,,47217143218,BÜNDNIS 90/DIE GRÜNEN,,,"[""FACEBOOK"",""INSTAGRAM""]",[],DE,EU_DE,PUBLIC_META_AD_LIBRARY_POLITICAL_AND_ISSUE_ADS,2025-02-15,2025-02-19,2025-02-15,2025-02-19,5,IMAGE,LEARN_MORE,gruene.de,https://www.gruene.de/artikel/klimaschutz,"Nur wir halten Kurs beim Klimaschutz – und das ganz fair. Wir reformieren klimaschädliche Subventionen, fördern CO₂-sparende Unternehmen & setzen auf grünen Zement und Stahl. Naturschutz, Artenvielfalt & erneuerbare Energien gehen Hand in Hand. Dafür braucht es aber eine Kraft in der Regierung, die für echten Klimaschutz auch die Verantwortung übernimmt. Zeit für Habeck.",BÜNDNIS 90/DIE GRÜNEN,,1000000,,,600000,700000,,,,0.7,,1500,2000,EUR,true,"[""Reach and impressions were collected from the same public Meta Ad Library ad row."",""Reach source path: reachEstimate"",""Impressions source path: impressionsWithIndex.impressionsText"",""Impressions are a public range, so the row remains a weak/range label.""]","{""audienceStatus"":""META_DISCLOSED"",""audiencePath"":""reachEstimate"",""impressionsStatus"":""META_DISCLOSED"",""impressionsPath"":""impressionsWithIndex.impressionsText"",""sourceUrl"":""https://www.facebook.com/ads/library/?active_status=all&ad_type=political_and_issue_ads&country=DE&search_type=keyword_unordered&media_type=all&q=partei""}",2026-08-10T12:35:35.601Z
public-meta-540558551777577-DE-2025-01-08-2025-01-10,PUBLIC_META_AD_LIBRARY,PUBLIC_META_DISCLOSED,WEAK_RANGE,540558551777577,540558551777577,,460370383826099,Robert Habeck,,,"[""FACEBOOK"",""INSTAGRAM""]",[],DE,EU_DE,PUBLIC_META_AD_LIBRARY_POLITICAL_AND_ISSUE_ADS,2025-01-08,2025-01-10,2025-01-08,2025-01-10,3,VIDEO,,,,"Zurück in die Vergangenheit oder Aufbruch in die Zukunft? Sich vor der Verantwortung scheuen oder die Verantwortung suchen? Wer dieses Land in den nächsten Jahren regiert – und vor allem wie dieses Land die nächsten Jahre regiert wird – das entscheiden Sie, das entscheidet ihr. Entscheiden Sie sich für Menschen, die die Zukunft gestalten wollen und nicht nur an der Vergangenheit festklammern.",,,1000000,,,600000,700000,,,,0.7,,5000,6000,EUR,true,"[""Reach and impressions were collected from the same public Meta Ad Library ad row."",""Reach source path: reachEstimate"",""Impressions source path: impressionsWithIndex.impressionsText"",""Impressions are a public range, so the row remains a weak/range label.""]","{""audienceStatus"":""META_DISCLOSED"",""audiencePath"":""reachEstimate"",""impressionsStatus"":""META_DISCLOSED"",""impressionsPath"":""impressionsWithIndex.impressionsText"",""sourceUrl"":""https://www.facebook.com/ads/library/?active_status=all&ad_type=political_and_issue_ads&country=DE&search_type=keyword_unordered&media_type=all&q=partei""}",2026-08-10T12:35:35.601Z
public-meta-736712635297245-DE-2024-05-01-2024-06-10,PUBLIC_META_AD_LIBRARY,PUBLIC_META_DISCLOSED,WEAK_RANGE,736712635297245,736712635297245,,106516184465027,DieBasis,,,"[""FACEBOOK"",""INSTAGRAM""]",[],DE,EU_DE,PUBLIC_META_AD_LIBRARY_POLITICAL_AND_ISSUE_ADS,2024-05-01,2024-06-10,2024-05-01,2024-06-10,41,IMAGE,WATCH_MORE,diebasis-partei.de,https://diebasis-partei.de/wahlen/europawahl-2024/,"🗳️ Willst du nicht nur wählen, sondern auch unmittelbar über wichtige Themen entscheiden? dieBasis tritt für eine politische Landschaft ein, in der Volksabstimmungen und Volksentscheide über zentrale politische Weichenstellungen entscheiden. Dies ermöglicht es jedem Bürger, nicht nur Teil des Diskurses zu sein, sondern aktiv die Zukunft Europas zu gestalten.

🤝 Direkte Demokratie stärkt das Vertrauen in politische Prozesse, indem sie sicherstellt, dass die Stimmen der Bürger direkt gehört und umgesetzt werden. Mit der Einführung dieser Systeme auf europäischer Ebene wollen wir sicherstellen, dass jede wichtige Frage direkt durch die Bürger Europas beantwortet wird.

💡 Warum wichtige Entscheidungen anderen überlassen? Wir setzen uns für transparente, nachvollziehbare und direkte Entscheidungswege ein. Wir meinen, dass echte Demokratie nur aus der Beteiligung aller entsteht.

🗓️ Am 09.06.2024 hast du die Chance, die Art und Weise, wie Politik gemacht wird, zu verändern. Wähle dieBasis für eine Zukunft, in der du direkt an der Gestaltung deiner Umwelt beteiligt bist. Deine Meinung ist nicht nur wichtig, sie ist entscheidend.

👉 Klicke auf „Mehr ansehen“, um mehr über uns und unser Wahlprogramm zu erfahren!",Deine Stimme zählt – Verstärke deine Macht durch Direkte Demokratie!,Auf dieser Seite findet ihr alles Wichtige rund um die Teilnahme der Basisdemokratischen Partei Deutschland (die Basis) bei den Europawahlen 2024.,1000000,,,600000,700000,,,,0.7,,800,899,EUR,true,"[""Reach and impressions were collected from the same public Meta Ad Library ad row."",""Reach source path: reachEstimate"",""Impressions source path: impressionsWithIndex.impressionsText"",""Impressions are a public range, so the row remains a weak/range label.""]","{""audienceStatus"":""META_DISCLOSED"",""audiencePath"":""reachEstimate"",""impressionsStatus"":""META_DISCLOSED"",""impressionsPath"":""impressionsWithIndex.impressionsText"",""sourceUrl"":""https://www.facebook.com/ads/library/?active_status=all&ad_type=political_and_issue_ads&country=DE&search_type=keyword_unordered&media_type=all&q=partei""}",2026-08-10T12:35:35.601Z
public-meta-1188516065957703-DE-2025-02-23-2025-02-24,PUBLIC_META_AD_LIBRARY,PUBLIC_META_DISCLOSED,WEAK_RANGE,1188516065957703,1188516065957703,,460370383826099,Robert Habeck,,,"[""FACEBOOK"",""INSTAGRAM""]",[],DE,EU_DE,PUBLIC_META_AD_LIBRARY_POLITICAL_AND_ISSUE_ADS,2025-02-23,2025-02-24,2025-02-23,2025-02-24,2,VIDEO,MESSAGE_PAGE,,,Heute ist Bundestagswahl. Meine Wahlempfehlung findet ihr im Video. Das Wichtigste aber bleibt: Wählen gehen!,,,1000000,,,600000,700000,,,,0.7,,6000,7000,EUR,true,"[""Reach and impressions were collected from the same public Meta Ad Library ad row."",""Reach source path: reachEstimate"",""Impressions source path: impressionsWithIndex.impressionsText"",""Impressions are a public range, so the row remains a weak/range label.""]","{""audienceStatus"":""META_DISCLOSED"",""audiencePath"":""reachEstimate"",""impressionsStatus"":""META_DISCLOSED"",""impressionsPath"":""impressionsWithIndex.impressionsText"",""sourceUrl"":""https://www.facebook.com/ads/library/?active_status=all&ad_type=political_and_issue_ads&country=DE&search_type=keyword_unordered&media_type=all&q=partei""}",2026-08-10T12:35:35.602Z
public-meta-1142174450650642-DE-2025-02-03-2025-02-24,PUBLIC_META_AD_LIBRARY,PUBLIC_META_DISCLOSED,WEAK_RANGE,1142174450650642,1142174450650642,,164629470060120,Bündnis Sahra Wagenknecht - Vernunft und Gerechtigkeit,,,"[""FACEBOOK"",""INSTAGRAM""]",[],DE,EU_DE,PUBLIC_META_AD_LIBRARY_POLITICAL_AND_ISSUE_ADS,2025-02-03,2025-02-24,2025-02-03,2025-02-24,22,VIDEO,LEARN_MORE,instagram.com,https://www.instagram.com/bsw.bund/,"Zusehen, wie unser Land den Bach runtergeht? Das kommt für uns nicht in Frage. 

Wir haben das BSW gegründet, weil wir nicht wollen, dass unser Land weiter absteigt undwomöglich in einen schrecklichen Krieg hineingezogen wird. 

Wir wollen ein Deutschland, in dem sich die Bürger wieder wohl und sicher fühlen. In demdie Schulen wieder Bildung fürs Leben vermitteln und jeder Kranke einen guten Arzt findet.Ein Land, in dem Anstrengung wieder Aufstieg ermöglicht und die Politik den Menschen dasLeben leichter und nicht schwerer macht. 

Verschenke Deine Stimme nicht für ein Weiter-so in Deutschland.Wähle am 23. Februar das BSW: Zweitstimme ist Sahra-Stimme!

#btw2025 #bundestagswahl2025 #bsw #gerechtigkeit #frieden #neuanfang #SahraStimme",,,1000000,,,500000,600000,,,,0.6,,900,999,EUR,true,"[""Reach and impressions were collected from the same public Meta Ad Library ad row."",""Reach source path: reachEstimate"",""Impressions source path: impressionsWithIndex.impressionsText"",""Impressions are a public range, so the row remains a weak/range label.""]","{""audienceStatus"":""META_DISCLOSED"",""audiencePath"":""reachEstimate"",""impressionsStatus"":""META_DISCLOSED"",""impressionsPath"":""impressionsWithIndex.impressionsText"",""sourceUrl"":""https://www.facebook.com/ads/library/?active_status=all&ad_type=political_and_issue_ads&country=DE&search_type=keyword_unordered&media_type=all&q=partei""}",2026-08-10T12:35:35.602Z
public-meta-990245702470083-DE-2024-05-01-2024-06-09,PUBLIC_META_AD_LIBRARY,PUBLIC_META_DISCLOSED,WEAK_RANGE,990245702470083,990245702470083,,106516184465027,DieBasis,,,"[""FACEBOOK"",""INSTAGRAM""]",[],DE,EU_DE,PUBLIC_META_AD_LIBRARY_POLITICAL_AND_ISSUE_ADS,2024-05-01,2024-06-09,2024-05-01,2024-06-09,40,VIDEO,WATCH_MORE,diebasis-partei.de,https://diebasis-partei.de/wahlen/europawahl-2024/kandidaten-zur-eu-wahl/,"🗣️ Während der Corona-Pandemie haben Hunderttausende Bürger ihre Meinungen zu den Maßnahmen auf die Straßen gebracht. Doch die Antworten waren nicht Dialog, sondern Polizeigewalt und Diffamierung. 
Diese Erfahrung hat mir, Michaele Kundermann, gezeigt, dass es höchste Zeit ist, unsere Stimme gegen den aktuellen Kurs von Deutschland und Europa zu erheben.

🤝 In den letzten Jahren hat Europa Gesetze erlassen, die tief in unsere Freiheits- und Grundrechte eingreifen. Das Europäische Parlament hat dabei oft wenig zu sagen und die Vorschläge der Kommission ohne ausreichende Prüfung abgenickt. Das muss sich ändern.

🗳️ Am 9. Juni haben Sie die Möglichkeit, für eine Veränderung zu stimmen. Wählen Sie die Basisdemokratie, wählen Sie mich, Michaele Kundermann, für das EU-Parlament. Lassen Sie uns zusammen sicherstellen, dass die Bürger direkt über ihr Schicksal entscheiden können und echte Demokratie erleben.

👉 Klicke auf „Mehr ansehen“, um mehr über unsere Pläne für eine echte Demokratie und den Schutz der Bürgerrechte zu erfahren!",Michaele Kundermann: Für echte Demokratie und Bürgerrechte,,1000000,,,500000,600000,,,,0.6,,700,799,EUR,true,"[""Reach and impressions were collected from the same public Meta Ad Library ad row."",""Reach source path: reachEstimate"",""Impressions source path: impressionsWithIndex.impressionsText"",""Impressions are a public range, so the row remains a weak/range label.""]","{""audienceStatus"":""META_DISCLOSED"",""audiencePath"":""reachEstimate"",""impressionsStatus"":""META_DISCLOSED"",""impressionsPath"":""impressionsWithIndex.impressionsText"",""sourceUrl"":""https://www.facebook.com/ads/library/?active_status=all&ad_type=political_and_issue_ads&country=DE&search_type=keyword_unordered&media_type=all&q=partei""}",2026-08-10T12:35:35.602Z
public-meta-1562941347722074-DE-2025-01-15-2025-02-04,PUBLIC_META_AD_LIBRARY,PUBLIC_META_DISCLOSED,WEAK_RANGE,1562941347722074,1562941347722074,,164131966966839,FDP Schleswig-Holstein,,,"[""FACEBOOK"",""INSTAGRAM""]",[],DE,EU_DE,PUBLIC_META_AD_LIBRARY_POLITICAL_AND_ISSUE_ADS,2025-01-15,2025-02-04,2025-01-15,2025-02-04,21,VIDEO,WATCH_MORE,instagram.com,https://www.instagram.com/fdp_sh,"Wolfgang Kubicki, Spitzenkandidat der FDP Schleswig-Holstein für die #btw25! 🚀

Wolfgang kämpft leidenschaftlich für Freiheit und Vernunft in der Politik. Dabei kann der Vizepräsident des Deutschen Bundetages auf zweierlei setzen: Erfahrung und Durchsetzungsvermögen. Seine Themen: Eine starke Wirtschaft, Bürokratieabbau, mehr politische Vernunft und klare Positionen für Demokratie und Rechtsstaatlichkeit.

Was ihn antreibt und warum er überzeugt ist, dass die FDP die richtige Wahl ist, erfahrt ihr in unserem Q&A mit der Ask-me-anything-Box! 

Am 23. Februar Wolfgang Kubicki und die FDP wählen. 💛",Mehr auf Instagram,,1000000,,,600000,700000,,,,0.7,,1000,1500,EUR,true,"[""Reach and impressions were collected from the same public Meta Ad Library ad row."",""Reach source path: reachEstimate"",""Impressions source path: impressionsWithIndex.impressionsText"",""Impressions are a public range, so the row remains a weak/range label.""]","{""audienceStatus"":""META_DISCLOSED"",""audiencePath"":""reachEstimate"",""impressionsStatus"":""META_DISCLOSED"",""impressionsPath"":""impressionsWithIndex.impressionsText"",""sourceUrl"":""https://www.facebook.com/ads/library/?active_status=all&ad_type=political_and_issue_ads&country=DE&search_type=keyword_unordered&media_type=all&q=partei""}",2026-08-10T12:35:35.602Z
public-meta-580081111694770-DE-2025-01-10-2025-01-13,PUBLIC_META_AD_LIBRARY,PUBLIC_META_DISCLOSED,WEAK_RANGE,580081111694770,580081111694770,,21289227249,FDP,,,"[""FACEBOOK""]",[],DE,EU_DE,PUBLIC_META_AD_LIBRARY_POLITICAL_AND_ISSUE_ADS,2025-01-10,2025-01-13,2025-01-10,2025-01-13,4,IMAGE,NO_BUTTON,,,"Wer wirtschaftliche Stärke, eine moderne Gesellschaft und echte Lösungen für die großen Fragen will, muss FDP wählen. Das heißt: Wir werben für ein Sozialsystem, das Aufstiegschancen schafft – unabhängig von der Herkunft. Wir stehen für Leistungsgerechtigkeit und Unternehmertum. Wir sind weltoffen, aber wollen geordnete Einwanderung. Beim Klimaschutz setzen wir auf Innovationen und Ordnungspolitik.",,,1000000,,,500000,600000,,,,0.6,,1000,1500,EUR,true,"[""Reach and impressions were collected from the same public Meta Ad Library ad row."",""Reach source path: reachEstimate"",""Impressions source path: impressionsWithIndex.impressionsText"",""Impressions are a public range, so the row remains a weak/range label.""]","{""audienceStatus"":""META_DISCLOSED"",""audiencePath"":""reachEstimate"",""impressionsStatus"":""META_DISCLOSED"",""impressionsPath"":""impressionsWithIndex.impressionsText"",""sourceUrl"":""https://www.facebook.com/ads/library/?active_status=all&ad_type=political_and_issue_ads&country=DE&search_type=keyword_unordered&media_type=all&q=partei""}",2026-08-10T12:35:35.602Z
public-meta-240849367709445-DE-2021-02-17-2021-03-13,PUBLIC_META_AD_LIBRARY,PUBLIC_META_DISCLOSED,WEAK_RANGE,240849367709445,240849367709445,,114511353674302,Wir2020 BW,,,"[""FACEBOOK"",""INSTAGRAM""]",[],DE,EU_DE,PUBLIC_META_AD_LIBRARY_POLITICAL_AND_ISSUE_ADS,2021-02-17,2021-03-13,2021-02-17,2021-03-13,25,IMAGE,LEARN_MORE,w2020.co,http://w2020.co/lehrer,"Wir brauchen Lehrer und Erzieher, die ihre Arbeit mit Herzblut machen können, weil sie dafür die Voraussetzungen haben.",Wir brauchen Lehrer...,"Wir brauchen Lehrer und Erzieher, die ihre Arbeit mit Herzblut machen können, weil sie dafür die Voraussetzungen haben: Ausreichend Personal, passende Konzepte und die nötigen Finanzmittel, um junge Menschen zu erziehen und zu bilden. Sie sind zentraler Teil unserer Gesellschaft und müssen es bleiben.
Die aktuelle Politik verschleißt unsere Lehrer und Erzieher und hört sie nicht bei ihren Entscheidungen. Wenn wir nicht handeln, werden noch mehr von ihnen ihren geliebten Job aufgeben. Das wollen wir mit Euch verhindern.
WiR möchten jeden einzelnen unserer Lehrer und Erzieher behalten.
Wir sind sicher: 
Demokratie geht besser.",1000000,,,500000,600000,,,,0.6,,5000,6000,EUR,true,"[""Reach and impressions were collected from the same public Meta Ad Library ad row."",""Reach source path: reachEstimate"",""Impressions source path: impressionsWithIndex.impressionsText"",""Impressions are a public range, so the row remains a weak/range label.""]","{""audienceStatus"":""META_DISCLOSED"",""audiencePath"":""reachEstimate"",""impressionsStatus"":""META_DISCLOSED"",""impressionsPath"":""impressionsWithIndex.impressionsText"",""sourceUrl"":""https://www.facebook.com/ads/library/?active_status=all&ad_type=political_and_issue_ads&country=DE&search_type=keyword_unordered&media_type=all&q=partei""}",2026-08-10T12:35:35.602Z
public-meta-1819102785161398-DE-2025-01-31-2025-02-03,PUBLIC_META_AD_LIBRARY,PUBLIC_META_DISCLOSED,WEAK_RANGE,1819102785161398,1819102785161398,,47217143218,BÜNDNIS 90/DIE GRÜNEN,,,"[""FACEBOOK"",""INSTAGRAM""]",[],DE,EU_DE,PUBLIC_META_AD_LIBRARY_POLITICAL_AND_ISSUE_ADS,2025-01-31,2025-02-03,2025-01-31,2025-02-03,4,VIDEO,LEARN_MORE,habeck2025.de,http://www.habeck2025.de/,"Friedrich Merz hat gestern im Bundestag viel über sein Gewissen gesprochen. Ich frage mich, was es mit dem Gewissen der Union macht, wenn wir mittags gemeinsam dem Holocaust gedenken und abends die Partei, die Hitler zum Fliegenschiss in der deutschen Geschichte erklärt hat, frenetisch jubelt. Was macht es mit ihrer Selbstachtung wenn eine Partei, die offiziell das Ziel verfolgt, die Konservativen zu zerstören, sie am Rednerpult auslacht, weil sie sich zu ihren Handlangern gemacht haben.

Union und FDP wollten sich mehr Macht sichern und haben dabei denen Macht gegeben, die diese Macht einzig und allein dafür nutzen werden, die Demokratie zu zerstören!","Resignation ist keine Option. Es es ist etwas am Wanken in unserem Land. Aber es ist noch nicht gekippt. Und wir werden gemeinsam dafür sorgen, dass es das auch nicht tut!","Friedrich Merz hat gestern im Bundestag viel über sein Gewissen gesprochen. Ich frage mich, was es mit dem Gewissen der Union macht, wenn wir mittags gemeinsam dem Holocaust gedenken und abends die Partei, die Hitler zum Fliegenschiss in der deutschen Geschichte erklärt hat, frenetisch jubelt. Was macht es mit ihrer Selbstachtung wenn eine Partei, die offiziell das Ziel verfolgt, die Konservativen zu zerstören, sie am Rednerpult auslacht, weil sie sich zu ihren Handlangern gemacht haben.

Union und FDP wollten sich mehr Macht sichern und haben dabei denen Macht gegeben, die diese Macht einzig und allein dafür nutzen werden, die Demokratie zu zerstören!",1000000,,,500000,600000,,,,0.6,,3000,3500,EUR,true,"[""Reach and impressions were collected from the same public Meta Ad Library ad row."",""Reach source path: reachEstimate"",""Impressions source path: impressionsWithIndex.impressionsText"",""Impressions are a public range, so the row remains a weak/range label.""]","{""audienceStatus"":""META_DISCLOSED"",""audiencePath"":""reachEstimate"",""impressionsStatus"":""META_DISCLOSED"",""impressionsPath"":""impressionsWithIndex.impressionsText"",""sourceUrl"":""https://www.facebook.com/ads/library/?active_status=all&ad_type=political_and_issue_ads&country=DE&search_type=keyword_unordered&media_type=all&q=partei""}",2026-08-10T12:35:35.602Z
public-meta-143889262022877-DE-2023-07-17-2023-07-28,PUBLIC_META_AD_LIBRARY,PUBLIC_META_DISCLOSED,WEAK_RANGE,143889262022877,143889262022877,,105196990914241,Dr. Gunnar Beck,,,"[""FACEBOOK""]",[],DE,EU_DE,PUBLIC_META_AD_LIBRARY_POLITICAL_AND_ISSUE_ADS,2023-07-17,2023-07-28,2023-07-17,2023-07-28,12,VIDEO,,,,"Liebe Parteifreunde!
Seit 2014 bin ich Mitglied der AfD und seit 2019 Europa-Abgeordneter für die AfD, stellvertretender AfD-Delegationsleiter und Vizepräsident der Fraktion Identität und Demokratie, der auch die AfD angehört.

Meine Heimat ist der Niederrhein. In Neuss und Düsseldorf wuchs ich auf und ging zur Schule. Dort liegen meine Wurzeln. Nach meiner universitären Ausbildung lehrte ich in London EU-Recht und arbeitete auf diesem Gebiet als Anwalt.

In meinen fast 200 Reden im, und zahllosen Videos aus dem EU-Parlament, habe ich die desaströse Politik Ursula von der Leyens und das Totalversagen der EU bei Massenmigration, beim Green Deal, beim Euro und der Inflation schonungslos zur Sprache gebracht. 

Die Vision von Kommissionspräsidentin von der Leyen lautet:
Wir sollen entrechtet, enteignet und unserer Kultur und unserem Land entfremdet werden, indem von der Leyen die EU durch eine neue Verfassung zu einem zentralistisch gesteuerten EU-Bundesstaat ausbauen will.

Meine Forderungen sind daher klar:
Keine deutschen Blankoschecks mehr, keine verantwortungslosen Weltrettungsphantasien und keine sinnlosen Sanktionen mehr, die das deutsche Wirtschaftswohl gefährden. Und Remigration statt unbegrenzter Massenmigration. Denn es reicht!

Ich werde mich in Magdeburg für weitere fünf Jahre als Europaabgeordneter bewerben. Ich verspreche Ihnen, meinen Kampf gegen die globalistischen Verelendungspläne der EU und Ampelregierung erbarmungslos fortzusetzen und treu zur Sache und zur Partei zu stehen, auch wenn der Wind wieder rauer wird. In diesem Sinne bitte ich um Ihre Unterstützung und Ihre Stimme.

Ihr, 
Dr. Gunnar Beck

AfD im EU-Parlament, AfD, AfD NRW, Identity & Democracy Group in the European Parliament",Dr. Gunnar Beck - Für die AfD im Europaparlament,,500000,1000000,,500000,600000,,,0.5,1.2,,1000,1500,EUR,true,"[""Reach and impressions were collected from the same public Meta Ad Library ad row."",""Reach source path: reachEstimate"",""Impressions source path: impressionsWithIndex.impressionsText"",""Impressions are a public range, so the row remains a weak/range label.""]","{""audienceStatus"":""META_DISCLOSED"",""audiencePath"":""reachEstimate"",""impressionsStatus"":""META_DISCLOSED"",""impressionsPath"":""impressionsWithIndex.impressionsText"",""sourceUrl"":""https://www.facebook.com/ads/library/?active_status=all&ad_type=political_and_issue_ads&country=DE&search_type=keyword_unordered&media_type=all&q=partei""}",2026-08-10T12:35:35.602Z
public-meta-166647582248721-DE-2021-08-30-2021-09-26,PUBLIC_META_AD_LIBRARY,PUBLIC_META_DISCLOSED,WEAK_RANGE,166647582248721,166647582248721,,124651027557566,PHOENIX,,,"[""FACEBOOK""]",[],DE,EU_DE,PUBLIC_META_AD_LIBRARY_POLITICAL_AND_ISSUE_ADS,2021-08-30,2021-09-26,2021-08-30,2021-09-26,28,VIDEO,,,,Wer kommt nach Angela Merkel - und welches Bündnis folgt auf die ungeliebte Große Koalition? Deutschland erlebt ein spannendes Superwahljahr 2021. Nicht nur im Bund werden die Weichen neu gestellt. Mit Ihrem #phoenixWahlprogramm verpassen Sie nichts! 📲 phoenix.de/s/h5 🗳️,Ihr #phoenixWahlprogramm,,1000000,,,500000,600000,,,,0.6,,1500,2000,EUR,true,"[""Reach and impressions were collected from the same public Meta Ad Library ad row."",""Reach source path: reachEstimate"",""Impressions source path: impressionsWithIndex.impressionsText"",""Impressions are a public range, so the row remains a weak/range label.""]","{""audienceStatus"":""META_DISCLOSED"",""audiencePath"":""reachEstimate"",""impressionsStatus"":""META_DISCLOSED"",""impressionsPath"":""impressionsWithIndex.impressionsText"",""sourceUrl"":""https://www.facebook.com/ads/library/?active_status=all&ad_type=political_and_issue_ads&country=DE&search_type=keyword_unordered&media_type=all&q=partei""}",2026-08-10T12:35:35.602Z
public-meta-6674634705952677-DE-2023-09-07-2023-10-06,PUBLIC_META_AD_LIBRARY,PUBLIC_META_DISCLOSED,WEAK_RANGE,6674634705952677,6674634705952677,,350558562311,FDP Bayern,,,"[""FACEBOOK"",""INSTAGRAM""]",[],DE,EU_DE,PUBLIC_META_AD_LIBRARY_POLITICAL_AND_ISSUE_ADS,2023-09-07,2023-10-06,2023-09-07,2023-10-06,30,VIDEO,LEARN_MORE,fdp-bayern.de,https://www.fdp-bayern.de/,#ServusZukunft! 🚀 Am 8. Oktober: alle Stimmen #FDP❗,FDP Bayern,Am 8. Oktober alle Stimmen für die Freien Demokraten.,1000000,,,500000,600000,,,,0.6,,1000,1500,EUR,true,"[""Reach and impressions were collected from the same public Meta Ad Library ad row."",""Reach source path: reachEstimate"",""Impressions source path: impressionsWithIndex.impressionsText"",""Impressions are a public range, so the row remains a weak/range label.""]","{""audienceStatus"":""META_DISCLOSED"",""audiencePath"":""reachEstimate"",""impressionsStatus"":""META_DISCLOSED"",""impressionsPath"":""impressionsWithIndex.impressionsText"",""sourceUrl"":""https://www.facebook.com/ads/library/?active_status=all&ad_type=political_and_issue_ads&country=DE&search_type=keyword_unordered&media_type=all&q=partei""}",2026-08-10T12:35:35.602Z
public-meta-463912560107119-DE-2025-01-24-2025-02-12,PUBLIC_META_AD_LIBRARY,PUBLIC_META_DISCLOSED,WEAK_RANGE,463912560107119,463912560107119,,82734241364,Campact e.V.,,,"[""FACEBOOK""]",[],DE,EU_DE,PUBLIC_META_AD_LIBRARY_POLITICAL_AND_ISSUE_ADS,2025-01-24,2025-02-12,2025-01-24,2025-02-12,20,VIDEO,LEARN_MORE,campact.de,https://www.campact.de/bundestagswahl-2025/Merz-kein-kanzler-fuer-frauen/,"Wer schützt Frauen? 💪 Friedrich Merz wohl eher nicht. 
Er stimmte
❌ gegen uneingeschränkten Schutz vor Vergewaltigung in der Ehe.
❌ gegen das allgemeine Gleichbehandlungsgesetz.
Wie sicher können sich Frauen bei so einem Kanzlerkandidaten fühlen? 
➡  📹 Sieh dir das Video an und frage Dich selbst: Willst Du Merz wirklich als Kanzler?",Du hast die Wahl,Das Frauenbild von Friedrich Merz ist rückständiger als das seiner Partei – der CDU. In den letzten 30 Jahren hat der CDU-Kanzlerkandidat immer wieder gegen die Stärkung von Frauenrechten gestimmt.,1000000,,,500000,600000,,,,0.6,,2000,2500,EUR,true,"[""Reach and impressions were collected from the same public Meta Ad Library ad row."",""Reach source path: reachEstimate"",""Impressions source path: impressionsWithIndex.impressionsText"",""Impressions are a public range, so the row remains a weak/range label.""]","{""audienceStatus"":""META_DISCLOSED"",""audiencePath"":""reachEstimate"",""impressionsStatus"":""META_DISCLOSED"",""impressionsPath"":""impressionsWithIndex.impressionsText"",""sourceUrl"":""https://www.facebook.com/ads/library/?active_status=all&ad_type=political_and_issue_ads&country=DE&search_type=keyword_unordered&media_type=all&q=partei""}",2026-08-10T12:35:35.602Z
public-meta-851356580181719-DE-2024-06-05-2024-06-10,PUBLIC_META_AD_LIBRARY,PUBLIC_META_DISCLOSED,WEAK_RANGE,851356580181719,851356580181719,,335025196350585,Dein X zählt,,,"[""FACEBOOK"",""INSTAGRAM""]",[],DE,EU_DE,PUBLIC_META_AD_LIBRARY_POLITICAL_AND_ISSUE_ADS,2024-06-05,2024-06-10,2024-06-05,2024-06-10,6,VIDEO,LEARN_MORE,instagram.com,https://www.instagram.com/dein_x_zaehlt/,"Gäbe es die EU nicht, müsste man sie erfinden! Am 9. Juni kommt es auch auf deine Stimme an. Geh zur Europawahl und unterstütze eine pro-europäische Partei.",Europa braucht dich! Am 9. Juni wählen gehen.,Europa braucht dich! Am 9. Juni wählen gehen.,1000000,,,500000,600000,,,,0.6,,1500,2000,EUR,true,"[""Reach and impressions were collected from the same public Meta Ad Library ad row."",""Reach source path: reachEstimate"",""Impressions source path: impressionsWithIndex.impressionsText"",""Impressions are a public range, so the row remains a weak/range label.""]","{""audienceStatus"":""META_DISCLOSED"",""audiencePath"":""reachEstimate"",""impressionsStatus"":""META_DISCLOSED"",""impressionsPath"":""impressionsWithIndex.impressionsText"",""sourceUrl"":""https://www.facebook.com/ads/library/?active_status=all&ad_type=political_and_issue_ads&country=DE&search_type=keyword_unordered&media_type=all&q=partei""}",2026-08-10T12:35:35.602Z
public-meta-847145519226124-DE-2021-06-05-2021-06-13,PUBLIC_META_AD_LIBRARY,PUBLIC_META_DISCLOSED,WEAK_RANGE,847145519226124,847145519226124,,123921283433,Fraktion DIE LINKE. im Bundestag,,,"[""FACEBOOK"",""INSTAGRAM""]",[],DE,EU_DE,PUBLIC_META_AD_LIBRARY_POLITICAL_AND_ISSUE_ADS,2021-06-05,2021-06-13,2021-06-05,2021-06-13,9,VIDEO,,,,"Dietmar Bartsch: ""Wer zahlt die Krise? Wie schaffen wir sozialen Ausgleich in Deutschland? Die Bundesregierung hat in der Pandemie die Rüstungsausgaben auf über 50 Milliarden gesteigert. Ein Wahnsinn, den DIE LINKE nicht mitmacht - im Gegensatz zu anderen Parteien."" [Quelle: ZDF]",LINKE macht Rüstungswahnsinn nicht mit,,1000000,,,500000,600000,,,,0.6,,1000,1500,EUR,true,"[""Reach and impressions were collected from the same public Meta Ad Library ad row."",""Reach source path: reachEstimate"",""Impressions source path: impressionsWithIndex.impressionsText"",""Impressions are a public range, so the row remains a weak/range label.""]","{""audienceStatus"":""META_DISCLOSED"",""audiencePath"":""reachEstimate"",""impressionsStatus"":""META_DISCLOSED"",""impressionsPath"":""impressionsWithIndex.impressionsText"",""sourceUrl"":""https://www.facebook.com/ads/library/?active_status=all&ad_type=political_and_issue_ads&country=DE&search_type=keyword_unordered&media_type=all&q=partei""}",2026-08-10T12:35:35.602Z
public-meta-659146446534284-DE-2025-02-17-2025-02-24,PUBLIC_META_AD_LIBRARY,PUBLIC_META_DISCLOSED,WEAK_RANGE,659146446534284,659146446534284,,206307219386683,Sahra Wagenknecht,,,"[""FACEBOOK""]",[],DE,EU_DE,PUBLIC_META_AD_LIBRARY_POLITICAL_AND_ISSUE_ADS,2025-02-17,2025-02-24,2025-02-17,2025-02-24,8,VIDEO,LEARN_MORE,facebook.com,https://www.facebook.com/sahra.wagenknecht,"Wie heißt es so schön: Was ist der Unterschied zwischen einer Verschwörungstheorie und der Wahrheit? 12 Monate. Hier ein Ausschnitt aus meiner Wochenschau von Dezember 2023, der zeigt, worum sich dieser Krieg in erster Linie gedreht hat: Um die NATO-Mitgliedschaft der Ukraine. Wie viel Tote, wie viel menschliches Leid und wie viel Zerstörung hätte man vermeiden können, wenn man auf diese NATO-Mitgliedschaft verzichtet und wenn man die Ukraine nicht zum Abbruch der Verhandlungen gedrängt hätte? Und wie viel Steuergeld wurde sinnlos verschwendet, um diesen Krieg am Laufen zu halten? Die Wahrheit kann furchtbar sein.

(Link zur ganzen Wochenschau in den Kommentaren)

#bsw #wagenknecht #wochenschau #Russland #ukraine #nato #diplomatie",,,1000000,,,500000,600000,,,,0.6,,700,799,EUR,true,"[""Reach and impressions were collected from the same public Meta Ad Library ad row."",""Reach source path: reachEstimate"",""Impressions source path: impressionsWithIndex.impressionsText"",""Impressions are a public range, so the row remains a weak/range label.""]","{""audienceStatus"":""META_DISCLOSED"",""audiencePath"":""reachEstimate"",""impressionsStatus"":""META_DISCLOSED"",""impressionsPath"":""impressionsWithIndex.impressionsText"",""sourceUrl"":""https://www.facebook.com/ads/library/?active_status=all&ad_type=political_and_issue_ads&country=DE&search_type=keyword_unordered&media_type=all&q=partei""}",2026-08-10T12:35:35.602Z
public-meta-1129483211706899-DE-2024-05-24-2024-06-10,PUBLIC_META_AD_LIBRARY,PUBLIC_META_DISCLOSED,WEAK_RANGE,1129483211706899,1129483211706899,,293240477198971,Familien-Partei-Deutschlands,,,"[""FACEBOOK"",""INSTAGRAM""]",[],DE,EU_DE,PUBLIC_META_AD_LIBRARY_POLITICAL_AND_ISSUE_ADS,2024-05-24,2024-06-10,2024-05-24,2024-06-10,18,IMAGE,LEARN_MORE,waehlefamilie.de,http://www.waehlefamilie.de/,"🇪🇺 Deine Wahl am 09. Juni 🇪🇺

Wir sind auf vielen Ebenen bereits ein Aktivposten im Europaparlament und stärken u.a. die Familien.
Unser Grundsatz für unser Europa ist, dass nur aus starken Familien ein starkes Europa entsteht, dass sich in dieser globalen Welt behaupten kann! 
Die Familien-Partei setzt sich dafür ein, dass Europa zukünftig sozialer und gesundheitspolitisch ausgestaltet wird.

🇪🇺 Deine Wahl am 09. Juni 🇪🇺",Familien-Partei Deutschlands | Partei,"Wir betreiben Familienpolitik als Grundlage aller Politikbereiche und bedienen nicht eine einzelne Thematik und sehen unsere politische Chance als Kleinpartei neben dem direkten Mitwirken in den Volksvertretungen auch in der Einflussnahme auf die Programme und Entscheidungen der großen Parteien, in...",1000000,,,500000,600000,,,,0.6,,3500,4000,EUR,true,"[""Reach and impressions were collected from the same public Meta Ad Library ad row."",""Reach source path: reachEstimate"",""Impressions source path: impressionsWithIndex.impressionsText"",""Impressions are a public range, so the row remains a weak/range label.""]","{""audienceStatus"":""META_DISCLOSED"",""audiencePath"":""reachEstimate"",""impressionsStatus"":""META_DISCLOSED"",""impressionsPath"":""impressionsWithIndex.impressionsText"",""sourceUrl"":""https://www.facebook.com/ads/library/?active_status=all&ad_type=political_and_issue_ads&country=DE&search_type=keyword_unordered&media_type=all&q=partei""}",2026-08-10T12:35:35.602Z
public-meta-1804341670326162-DE-2025-01-24-2025-02-23,PUBLIC_META_AD_LIBRARY,PUBLIC_META_DISCLOSED,WEAK_RANGE,1804341670326162,1804341670326162,,558754197477014,DIE LINKE. Hessen,,,"[""FACEBOOK"",""INSTAGRAM""]",[],DE,EU_DE,PUBLIC_META_AD_LIBRARY_POLITICAL_AND_ISSUE_ADS,2025-01-24,2025-02-23,2025-01-24,2025-02-23,31,UNKNOWN,LEARN_MORE,die-linke.de,https://www.die-linke.de/bundestagswahl-2025/,{{product.brand}},{{product.name}},{{product.description}},1000000,,,500000,600000,,,,0.6,,4500,5000,EUR,true,"[""Reach and impressions were collected from the same public Meta Ad Library ad row."",""Reach source path: reachEstimate"",""Impressions source path: impressionsWithIndex.impressionsText"",""Impressions are a public range, so the row remains a weak/range label.""]","{""audienceStatus"":""META_DISCLOSED"",""audiencePath"":""reachEstimate"",""impressionsStatus"":""META_DISCLOSED"",""impressionsPath"":""impressionsWithIndex.impressionsText"",""sourceUrl"":""https://www.facebook.com/ads/library/?active_status=all&ad_type=political_and_issue_ads&country=DE&search_type=keyword_unordered&media_type=all&q=partei""}",2026-08-10T12:35:35.602Z
public-meta-1018874843024593-DE-2024-09-09-2024-09-17,PUBLIC_META_AD_LIBRARY,PUBLIC_META_DISCLOSED,WEAK_RANGE,1018874843024593,1018874843024593,,344462835414178,CDU-Landesverband Brandenburg,,,"[""FACEBOOK""]",[],DE,EU_DE,PUBLIC_META_AD_LIBRARY_POLITICAL_AND_ISSUE_ADS,2024-09-09,2024-09-17,2024-09-09,2024-09-17,9,VIDEO,LEARN_MORE,cdu-brandenburg.de,https://www.cdu-brandenburg.de/,"💬 Brandenburg braucht einen echten Politikwechsel! Wer setzt sich für eine bessere Bildungspolitik ein, stärkt den Meisterbrief und damit unseren Wohlstand und sorgt für Sicherheit mit einer Märkischen Grenzpolizei? Die Antwort ist klar: Die CDU. Wir stehen für ein starkes und zukunftsfähiges Brandenburg – im Gegensatz zu den gescheiterten Ampel-Parteien.

Am 22.09. entscheiden Sie über die Zukunft unseres Landes. Setzen Sie beide Kreuze für die CDU, denn: Brandenburg kann’s besser! ✖️✖️

#Brandenburg #CDUBrandenburg #CDU #deinlandkannsbesser #ZukunftGestalten #CDU #WählenGehen",,,1000000,,,500000,600000,,,,0.6,,3500,4000,EUR,true,"[""Reach and impressions were collected from the same public Meta Ad Library ad row."",""Reach source path: reachEstimate"",""Impressions source path: impressionsWithIndex.impressionsText"",""Impressions are a public range, so the row remains a weak/range label.""]","{""audienceStatus"":""META_DISCLOSED"",""audiencePath"":""reachEstimate"",""impressionsStatus"":""META_DISCLOSED"",""impressionsPath"":""impressionsWithIndex.impressionsText"",""sourceUrl"":""https://www.facebook.com/ads/library/?active_status=all&ad_type=political_and_issue_ads&country=DE&search_type=keyword_unordered&media_type=all&q=partei""}",2026-08-10T12:35:35.602Z
public-meta-1500459134152511-DE-2024-05-13-2024-06-09,PUBLIC_META_AD_LIBRARY,PUBLIC_META_DISCLOSED,WEAK_RANGE,1500459134152511,1500459134152511,,106516184465027,DieBasis,,,"[""FACEBOOK"",""INSTAGRAM""]",[],DE,EU_DE,PUBLIC_META_AD_LIBRARY_POLITICAL_AND_ISSUE_ADS,2024-05-13,2024-06-09,2024-05-13,2024-06-09,28,IMAGE,WATCH_MORE,diebasisbewegt.eu,https://diebasisbewegt.eu/anton-koerner,{{product.brand}},{{product.name}},{{product.description}},1000000,,,500000,600000,,,,0.6,,4000,4500,EUR,true,"[""Reach and impressions were collected from the same public Meta Ad Library ad row."",""Reach source path: reachEstimate"",""Impressions source path: impressionsWithIndex.impressionsText"",""Impressions are a public range, so the row remains a weak/range label.""]","{""audienceStatus"":""META_DISCLOSED"",""audiencePath"":""reachEstimate"",""impressionsStatus"":""META_DISCLOSED"",""impressionsPath"":""impressionsWithIndex.impressionsText"",""sourceUrl"":""https://www.facebook.com/ads/library/?active_status=all&ad_type=political_and_issue_ads&country=DE&search_type=keyword_unordered&media_type=all&q=partei""}",2026-08-10T12:35:35.602Z
public-meta-962657722492324-DE-2025-01-22-2025-01-27,PUBLIC_META_AD_LIBRARY,PUBLIC_META_DISCLOSED,WEAK_RANGE,962657722492324,962657722492324,,47217143218,BÜNDNIS 90/DIE GRÜNEN,,,"[""FACEBOOK"",""INSTAGRAM""]",[],DE,EU_DE,PUBLIC_META_AD_LIBRARY_POLITICAL_AND_ISSUE_ADS,2025-01-22,2025-01-27,2025-01-22,2025-01-27,6,VIDEO,LEARN_MORE,habeck2025.de,http://www.habeck2025.de/,"Letzte Woche war @robert.habeck im Twitch Stream von @handiofiblood und hat dem Obertwitcher versprochen, zum Thema Gemeinnützigkeit von E-Sport-Vereinen noch mal Infos einzuholen. Und die kommen hier, direkt von unserem Obergamer und Staatssekretär, @mi.kellner. 🎮 📣",,,1000000,,,500000,600000,,,,0.6,,3500,4000,EUR,true,"[""Reach and impressions were collected from the same public Meta Ad Library ad row."",""Reach source path: reachEstimate"",""Impressions source path: impressionsWithIndex.impressionsText"",""Impressions are a public range, so the row remains a weak/range label.""]","{""audienceStatus"":""META_DISCLOSED"",""audiencePath"":""reachEstimate"",""impressionsStatus"":""META_DISCLOSED"",""impressionsPath"":""impressionsWithIndex.impressionsText"",""sourceUrl"":""https://www.facebook.com/ads/library/?active_status=all&ad_type=political_and_issue_ads&country=DE&search_type=keyword_unordered&media_type=all&q=partei""}",2026-08-10T12:35:35.602Z
public-meta-336227611533703-DE-2021-06-22-2021-06-25,PUBLIC_META_AD_LIBRARY,PUBLIC_META_DISCLOSED,WEAK_RANGE,336227611533703,336227611533703,,338549033673221,Sozialdemokratische Partei Europas,,,"[""FACEBOOK"",""INSTAGRAM""]",[],DE,EU_DE,PUBLIC_META_AD_LIBRARY_POLITICAL_AND_ISSUE_ADS,2021-06-22,2021-06-25,2021-06-22,2021-06-25,4,IMAGE,SIGN_UP,events.pes.eu,https://www.events.pes.eu/,"Mit Mut. Für Europa. Konferenz zur Zukunft Europas 25-26 Juni 2021, Berlin. Jetzt anmelden und dabei sein, wenn Olaf Scholz mit u.a. António Costa, Frans Timmermanns über die Zukunft Europas spricht.",Konferenz zur Zukunft Europas,"Conference on the Future of Europe, 25-26 June 2021, Berlin",1000000,,,500000,600000,,,,0.6,,9000,10000,EUR,true,"[""Reach and impressions were collected from the same public Meta Ad Library ad row."",""Reach source path: reachEstimate"",""Impressions source path: impressionsWithIndex.impressionsText"",""Impressions are a public range, so the row remains a weak/range label.""]","{""audienceStatus"":""META_DISCLOSED"",""audiencePath"":""reachEstimate"",""impressionsStatus"":""META_DISCLOSED"",""impressionsPath"":""impressionsWithIndex.impressionsText"",""sourceUrl"":""https://www.facebook.com/ads/library/?active_status=all&ad_type=political_and_issue_ads&country=DE&search_type=keyword_unordered&media_type=all&q=partei""}",2026-08-10T12:35:35.602Z
public-meta-1694206318197719-DE-2025-02-20-2025-02-24,PUBLIC_META_AD_LIBRARY,PUBLIC_META_DISCLOSED,WEAK_RANGE,1694206318197719,1694206318197719,,47694585682,Die Linke,,,"[""INSTAGRAM""]",[],DE,EU_DE,PUBLIC_META_AD_LIBRARY_POLITICAL_AND_ISSUE_ADS,2025-02-20,2025-02-24,2025-02-20,2025-02-24,5,IMAGE,,,,"Wir machen den Feminismus-Check: Welche Partei liefert, wenn es um Themen wie Gewaltschutzgesetz, Schwangerschaftsabbrüche und gleichen Lohn für gleiche Arbeit geht? Wer fordert kostenlose Hilfen, Verhütungsmittel- und Menstruationsprodukte? Wer will Gewaltprävention ausbauen?

Deine Stimme für Feminismus, Die Linke am 23.2!",,,1000000,,,500000,600000,,,,0.6,,1000,1500,EUR,true,"[""Reach and impressions were collected from the same public Meta Ad Library ad row."",""Reach source path: reachEstimate"",""Impressions source path: impressionsWithIndex.impressionsText"",""Impressions are a public range, so the row remains a weak/range label.""]","{""audienceStatus"":""META_DISCLOSED"",""audiencePath"":""reachEstimate"",""impressionsStatus"":""META_DISCLOSED"",""impressionsPath"":""impressionsWithIndex.impressionsText"",""sourceUrl"":""https://www.facebook.com/ads/library/?active_status=all&ad_type=political_and_issue_ads&country=DE&search_type=keyword_unordered&media_type=all&q=partei""}",2026-08-10T12:35:35.602Z
public-meta-1627553561201193-DE-2025-01-30-2025-02-02,PUBLIC_META_AD_LIBRARY,PUBLIC_META_DISCLOSED,WEAK_RANGE,1627553561201193,1627553561201193,,355456486093,Lars Klingbeil,,,"[""INSTAGRAM""]",[],DE,EU_DE,PUBLIC_META_AD_LIBRARY_POLITICAL_AND_ISSUE_ADS,2025-01-30,2025-02-02,2025-01-30,2025-02-02,4,IMAGE,,,,"Friedrich Merz und seine CDU haben gestern erstmals mit den Rechtsextremen paktiert. Damit hat Merz die Tür zur AfD aufgestoßen. Zu einer Partei, in der Höcke, Weidel, Krah und andere Rechtsextreme das Sagen haben. 
 
Und nicht nur das: Friedrich Merz hat auch sein Wort gebrochen, niemals gemeinsame Sache mit der AfD zu machen. Damit hat er einen historischen Fehler begangen, er spielt mit dem Feuer. 
 
Ich als SPD-Parteivorsitzender möchte klar sagen: Eine Zusammenarbeit mit Rechtsextremen ist für uns niemals eine Option. Fakt ist: Wir brauchen konsequente Antworten, um die Sicherheit unserer Bürgerinnen und Bürger zu gewährleisten. Dafür haben wir Vorschläge auf den Tisch gelegt. Aber: Recht und Ordnung ohne ein Mindestmaß an Menschlichkeit, Nächstenliebe, Solidarität führt immer in die Dunkelheit. 
 
Wir müssen die Probleme, die wir vor uns haben, gemeinsam lösen. Mit dem Kopf durch die Wand zu wollen, bringt uns nicht weiter – im Gegenteil. Das ist keine Stärke, sondern eine Schwäche. Stärke wäre, ernsthaft nach demokratischen Mehrheiten zu suchen. Das hat Friedrich Merz nicht getan. Das ist nicht bürgerlich, das ist nicht konservativ, das ist unanständig.",,,1000000,,,500000,600000,,,,0.6,,800,899,EUR,true,"[""Reach and impressions were collected from the same public Meta Ad Library ad row."",""Reach source path: reachEstimate"",""Impressions source path: impressionsWithIndex.impressionsText"",""Impressions are a public range, so the row remains a weak/range label.""]","{""audienceStatus"":""META_DISCLOSED"",""audiencePath"":""reachEstimate"",""impressionsStatus"":""META_DISCLOSED"",""impressionsPath"":""impressionsWithIndex.impressionsText"",""sourceUrl"":""https://www.facebook.com/ads/library/?active_status=all&ad_type=political_and_issue_ads&country=DE&search_type=keyword_unordered&media_type=all&q=partei""}",2026-08-10T12:35:35.603Z
public-meta-1189921352766451-DE-2024-12-13-2025-01-11,PUBLIC_META_AD_LIBRARY,PUBLIC_META_DISCLOSED,WEAK_RANGE,1189921352766451,1189921352766451,,108841455115,Bündnis 90/Die Grünen Bundestagsfraktion,,,"[""INSTAGRAM""]",[],DE,EU_DE,PUBLIC_META_AD_LIBRARY_POLITICAL_AND_ISSUE_ADS,2024-12-13,2025-01-11,2024-12-13,2025-01-11,30,IMAGE,LEARN_MORE,gruene-bundestag.de,https://www.gruene-bundestag.de/unsere-politik/unsere-ziele/klimaschutz-und-energie/,"🕯📖 Es war einmal eine Partei, die auszog, um den Menschen Märchen zu erzählen. Von günstigem Atomstrom zum Beispiel! Gut, dass das nur Märchen sind! Die Wirklichkeit: Unsere Versorgung mit sauberem und günstigem Strom aus Wind und Sonne ist auf einem guten Weg! Dafür haben wir im Bundestag einiges in die Wege geleitet: Beispielsweise konnten wir mit unseren Solarpaketen dem Zubau an Photovoltaik rekordverdächtig steigern und durch Vereinfachungen und Entbürokratisierung nimmt nun auch der Windkraftausbau wieder Fahrt auf. Fun-Fact: Friedrich Merz wünscht sich weniger „hässliche“ Windräder und die bekommt er auch. Denn mit immer effizienteren Windrädern werden auch weniger davon gebraucht.",,,1000000,,,500000,600000,,,,0.6,,1000,1500,EUR,true,"[""Reach and impressions were collected from the same public Meta Ad Library ad row."",""Reach source path: reachEstimate"",""Impressions source path: impressionsWithIndex.impressionsText"",""Impressions are a public range, so the row remains a weak/range label.""]","{""audienceStatus"":""META_DISCLOSED"",""audiencePath"":""reachEstimate"",""impressionsStatus"":""META_DISCLOSED"",""impressionsPath"":""impressionsWithIndex.impressionsText"",""sourceUrl"":""https://www.facebook.com/ads/library/?active_status=all&ad_type=political_and_issue_ads&country=DE&search_type=keyword_unordered&media_type=all&q=partei""}",2026-08-10T12:35:35.603Z
public-meta-2188154518266197-DE-2025-02-15-2025-02-17,PUBLIC_META_AD_LIBRARY,PUBLIC_META_DISCLOSED,WEAK_RANGE,2188154518266197,2188154518266197,,47217143218,BÜNDNIS 90/DIE GRÜNEN,,,"[""FACEBOOK"",""INSTAGRAM""]",[],DE,EU_DE,PUBLIC_META_AD_LIBRARY_POLITICAL_AND_ISSUE_ADS,2025-02-15,2025-02-17,2025-02-15,2025-02-17,3,VIDEO,LEARN_MORE,gruene.de,https://www.gruene.de/artikel/informationen-zu-schwangerschaftsabbruechen,"Wie @abaerbock sagt. Für uns ist klar: „My Body, my Choice!“",,,1000000,,,500000,600000,,,,0.6,,3000,3500,EUR,true,"[""Reach and impressions were collected from the same public Meta Ad Library ad row."",""Reach source path: reachEstimate"",""Impressions source path: impressionsWithIndex.impressionsText"",""Impressions are a public range, so the row remains a weak/range label.""]","{""audienceStatus"":""META_DISCLOSED"",""audiencePath"":""reachEstimate"",""impressionsStatus"":""META_DISCLOSED"",""impressionsPath"":""impressionsWithIndex.impressionsText"",""sourceUrl"":""https://www.facebook.com/ads/library/?active_status=all&ad_type=political_and_issue_ads&country=DE&search_type=keyword_unordered&media_type=all&q=partei""}",2026-08-10T12:35:35.603Z
public-meta-574023995461558-DE-2025-01-08-2025-01-11,PUBLIC_META_AD_LIBRARY,PUBLIC_META_DISCLOSED,WEAK_RANGE,574023995461558,574023995461558,,21289227249,FDP,,,"[""FACEBOOK""]",[],DE,EU_DE,PUBLIC_META_AD_LIBRARY_POLITICAL_AND_ISSUE_ADS,2025-01-08,2025-01-11,2025-01-08,2025-01-11,4,IMAGE,NO_BUTTON,,,"So lief unser Dreikönigstreffen #3K25. Jetzt geht's weiter!
#AllesLässtSichÄndern",,,1000000,,,500000,600000,,,,0.6,,900,999,EUR,true,"[""Reach and impressions were collected from the same public Meta Ad Library ad row."",""Reach source path: reachEstimate"",""Impressions source path: impressionsWithIndex.impressionsText"",""Impressions are a public range, so the row remains a weak/range label.""]","{""audienceStatus"":""META_DISCLOSED"",""audiencePath"":""reachEstimate"",""impressionsStatus"":""META_DISCLOSED"",""impressionsPath"":""impressionsWithIndex.impressionsText"",""sourceUrl"":""https://www.facebook.com/ads/library/?active_status=all&ad_type=political_and_issue_ads&country=DE&search_type=keyword_unordered&media_type=all&q=partei""}",2026-08-10T12:35:35.603Z
public-meta-989134683269398-DE-2025-02-06-2025-02-23,PUBLIC_META_AD_LIBRARY,PUBLIC_META_DISCLOSED,WEAK_RANGE,989134683269398,989134683269398,,527683293756082,DrAnsay Backup,,,"[""FACEBOOK"",""INSTAGRAM""]",[],DE,EU_DE,PUBLIC_META_AD_LIBRARY_POLITICAL_AND_ISSUE_ADS,2025-02-06,2025-02-23,2025-02-06,2025-02-23,18,IMAGE,LEARN_MORE,dransay-partei.de,https://dransay-partei.de/,{{product.brand}},{{product.name}},{{product.description}},1000000,,,500000,600000,,,,0.6,,900,999,EUR,true,"[""Reach and impressions were collected from the same public Meta Ad Library ad row."",""Reach source path: reachEstimate"",""Impressions source path: impressionsWithIndex.impressionsText"",""Impressions are a public range, so the row remains a weak/range label.""]","{""audienceStatus"":""META_DISCLOSED"",""audiencePath"":""reachEstimate"",""impressionsStatus"":""META_DISCLOSED"",""impressionsPath"":""impressionsWithIndex.impressionsText"",""sourceUrl"":""https://www.facebook.com/ads/library/?active_status=all&ad_type=political_and_issue_ads&country=DE&search_type=keyword_unordered&media_type=all&q=partei""}",2026-08-10T12:35:35.603Z
public-meta-7554147724691958-DE-2024-05-21-2024-06-06,PUBLIC_META_AD_LIBRARY,PUBLIC_META_DISCLOSED,WEAK_RANGE,7554147724691958,7554147724691958,,499613946840551,PdH I Partei der Humanisten,,,"[""FACEBOOK"",""INSTAGRAM""]",[],DE,EU_DE,PUBLIC_META_AD_LIBRARY_POLITICAL_AND_ISSUE_ADS,2024-05-21,2024-06-06,2024-05-21,2024-06-06,17,IMAGE,LEARN_MORE,pdh.eu,https://www.pdh.eu/eu242,"Nicht jeder Co2-Ausstoß ist vermeidbar - muss er auch gar nicht sein! Mit natürlichen Co2-Speichern können wir etwa in unseren Städten die Luft rein halten und den Klimawandel abmildern.

Hier sind Speichertechnologien besser aufgehoben als bei deinen Daten.

#NeuerPolitikstil #pdh4europe #europawahl #europabewegen #umweltschutz #co2 #naturschutz #zeitfüroptimisten #respectscience",PdH I Partei der Humanisten,,1000000,,,500000,600000,,,,0.6,,4000,4500,EUR,true,"[""Reach and impressions were collected from the same public Meta Ad Library ad row."",""Reach source path: reachEstimate"",""Impressions source path: impressionsWithIndex.impressionsText"",""Impressions are a public range, so the row remains a weak/range label.""]","{""audienceStatus"":""META_DISCLOSED"",""audiencePath"":""reachEstimate"",""impressionsStatus"":""META_DISCLOSED"",""impressionsPath"":""impressionsWithIndex.impressionsText"",""sourceUrl"":""https://www.facebook.com/ads/library/?active_status=all&ad_type=political_and_issue_ads&country=DE&search_type=keyword_unordered&media_type=all&q=partei""}",2026-08-10T12:35:35.603Z
public-meta-476697998622446-DE-2025-01-30-2025-02-04,PUBLIC_META_AD_LIBRARY,PUBLIC_META_DISCLOSED,WEAK_RANGE,476697998622446,476697998622446,,47694585682,Die Linke,,,"[""INSTAGRAM""]",[],DE,EU_DE,PUBLIC_META_AD_LIBRARY_POLITICAL_AND_ISSUE_ADS,2025-01-30,2025-02-04,2025-01-30,2025-02-04,6,IMAGE,WHATSAPP_MESSAGE,api.whatsapp.com,https://api.whatsapp.com/send,"Friedrich Merz hat heute im Bundestag einen Dammbruch angekündigt. Entgegen seiner Versprechen, will er einen Antrag mit der AfD am Freitag durch den Bundestag bringen. 

Er gibt damit der rechtsradikalen Partei Einfluss auf die Gesetzgebung und öffnet die Tür für Koalitionen mit ihnen. Zudem ist der Gesetzentwurf offensichtlich europarechtlich unhaltbar und verfassungswidrig.

@heidireichinnek erklärte heute im Bundestag: “Wir  werden die Demokratie gegen die AfD verteidigen und im Notfall auch gegen die Merz-CDU.” 

Faschisten hören nie auf Faschisten zu sein - man paktiert nicht mit ihnen hat die Geschichte gezeigt!

#CDU #Merz #AfD #NoAfD #FCKNZS #Gegenrassismus #DieLinke #Linke",,,1000000,,,500000,600000,,,,0.6,,900,999,EUR,true,"[""Reach and impressions were collected from the same public Meta Ad Library ad row."",""Reach source path: reachEstimate"",""Impressions source path: impressionsWithIndex.impressionsText"",""Impressions are a public range, so the row remains a weak/range label.""]","{""audienceStatus"":""META_DISCLOSED"",""audiencePath"":""reachEstimate"",""impressionsStatus"":""META_DISCLOSED"",""impressionsPath"":""impressionsWithIndex.impressionsText"",""sourceUrl"":""https://www.facebook.com/ads/library/?active_status=all&ad_type=political_and_issue_ads&country=DE&search_type=keyword_unordered&media_type=all&q=partei""}",2026-08-10T12:35:35.603Z
public-meta-603151989293366-DE-2025-02-09-2025-02-23,PUBLIC_META_AD_LIBRARY,PUBLIC_META_DISCLOSED,WEAK_RANGE,603151989293366,603151989293366,,164629470060120,Bündnis Sahra Wagenknecht - Vernunft und Gerechtigkeit,,,"[""FACEBOOK""]",[],DE,EU_DE,PUBLIC_META_AD_LIBRARY_POLITICAL_AND_ISSUE_ADS,2025-02-09,2025-02-23,2025-02-09,2025-02-23,15,VIDEO,LEARN_MORE,facebook.com,https://www.facebook.com/BSW.Bund,"Wohnen darf kein Luxus sein!

Mieten steigen, 800.000 Wohnungen fehlen oder sind schlichtweg unbezahlbar. Das Großstadtleben wird zum Albtraum in Mini-Wohnungen. Und stinknormale Wohnungen sind für viele unbezahlbar.

Es ist Zeit, diesen Wahnsinn zu beenden.
Wir brauchen:
👉 Eine bundesweite Mietendeckelung,
👉 mehr gemeinnützige Wohnungsunternehmen,
👉 und ein großes Wohnungsbauprogramm.

Damit Wohnen wieder bezahlbar wird – für alle!
Am 23. Februar hast Du die Wahl.
Zweitstimme ist Sahra-Stimme.

#wohnenfüralle #wohnungsbau #wohnungsmarkt #BSW #btw2025 #bundestagswahl2025 #zweitstimme #ZweitstimmeSahrastimme",Wohnen darf kein Luxus sein!,,1000000,,,500000,600000,,,,0.6,,800,899,EUR,true,"[""Reach and impressions were collected from the same public Meta Ad Library ad row."",""Reach source path: reachEstimate"",""Impressions source path: impressionsWithIndex.impressionsText"",""Impressions are a public range, so the row remains a weak/range label.""]","{""audienceStatus"":""META_DISCLOSED"",""audiencePath"":""reachEstimate"",""impressionsStatus"":""META_DISCLOSED"",""impressionsPath"":""impressionsWithIndex.impressionsText"",""sourceUrl"":""https://www.facebook.com/ads/library/?active_status=all&ad_type=political_and_issue_ads&country=DE&search_type=keyword_unordered&media_type=all&q=partei""}",2026-08-10T12:35:35.603Z
public-meta-274191667600122-DE-2021-09-06-2021-09-08,PUBLIC_META_AD_LIBRARY,PUBLIC_META_DISCLOSED,WEAK_RANGE,274191667600122,274191667600122,,78502295414,CDU,,,"[""FACEBOOK""]",[],DE,EU_DE,PUBLIC_META_AD_LIBRARY_POLITICAL_AND_ISSUE_ADS,2021-09-06,2021-09-08,2021-09-06,2021-09-08,3,UNKNOWN,,,,"Montag 18 Uhr live: Digitalimpulse #CDigitallyUnited. Mit Angela Merkel, Armin Laschet, Dorothee Bär, Ralph Brinkhaus und vielen weiteren Expertinnen und Experten aus Politik, Wirtschaft und Gesellschaft. Alles um die Themen Digitalisierung und Staatsmodernisierung. Gemeinsam machen wir uns auf den Weg vom #Neuland zum #Neustaat.",#CDigitallyUnited,,1000000,,,450000,500000,,,,0.5,,3000,3500,EUR,true,"[""Reach and impressions were collected from the same public Meta Ad Library ad row."",""Reach source path: reachEstimate"",""Impressions source path: impressionsWithIndex.impressionsText"",""Impressions are a public range, so the row remains a weak/range label.""]","{""audienceStatus"":""META_DISCLOSED"",""audiencePath"":""reachEstimate"",""impressionsStatus"":""META_DISCLOSED"",""impressionsPath"":""impressionsWithIndex.impressionsText"",""sourceUrl"":""https://www.facebook.com/ads/library/?active_status=all&ad_type=political_and_issue_ads&country=DE&search_type=keyword_unordered&media_type=all&q=partei""}",2026-08-10T12:35:35.603Z
public-meta-803966207459583-DE-2022-09-22-2022-09-29,PUBLIC_META_AD_LIBRARY,PUBLIC_META_DISCLOSED,WEAK_RANGE,803966207459583,803966207459583,,76866574484,SPD Niedersachsen,,,"[""FACEBOOK"",""INSTAGRAM""]",[],DE,EU_DE,PUBLIC_META_AD_LIBRARY_POLITICAL_AND_ISSUE_ADS,2022-09-22,2022-09-29,2022-09-22,2022-09-29,8,IMAGE,LEARN_MORE,spdnds.de,https://www.spdnds.de/ministerpraesident-stephan-weil-liegt-in-umfragen-klar-vorne/,{{product.brand}},{{product.name}},{{product.description}},1000000,,,450000,500000,,,,0.5,,1000,1500,EUR,true,"[""Reach and impressions were collected from the same public Meta Ad Library ad row."",""Reach source path: reachEstimate"",""Impressions source path: impressionsWithIndex.impressionsText"",""Impressions are a public range, so the row remains a weak/range label.""]","{""audienceStatus"":""META_DISCLOSED"",""audiencePath"":""reachEstimate"",""impressionsStatus"":""META_DISCLOSED"",""impressionsPath"":""impressionsWithIndex.impressionsText"",""sourceUrl"":""https://www.facebook.com/ads/library/?active_status=all&ad_type=political_and_issue_ads&country=DE&search_type=keyword_unordered&media_type=all&q=partei""}",2026-08-10T12:35:35.603Z
public-meta-3035859816657113-DE-2021-09-21-2021-09-23,PUBLIC_META_AD_LIBRARY,PUBLIC_META_DISCLOSED,WEAK_RANGE,3035859816657113,3035859816657113,,134296905455337,Support Odin Janoske-Kizildag,,,"[""FACEBOOK""]",[],DE,EU_DE,PUBLIC_META_AD_LIBRARY_POLITICAL_AND_ISSUE_ADS,2021-09-21,2021-09-23,2021-09-21,2021-09-23,3,UNKNOWN,,,,,,,1000000,,,450000,500000,,,,0.5,,900,999,EUR,true,"[""Reach and impressions were collected from the same public Meta Ad Library ad row."",""Reach source path: reachEstimate"",""Impressions source path: impressionsWithIndex.impressionsText"",""Impressions are a public range, so the row remains a weak/range label.""]","{""audienceStatus"":""META_DISCLOSED"",""audiencePath"":""reachEstimate"",""impressionsStatus"":""META_DISCLOSED"",""impressionsPath"":""impressionsWithIndex.impressionsText"",""sourceUrl"":""https://www.facebook.com/ads/library/?active_status=all&ad_type=political_and_issue_ads&country=DE&search_type=keyword_unordered&media_type=all&q=partei""}",2026-08-10T12:35:35.603Z
public-meta-424051403222969-DE-2022-10-19-2022-12-23,PUBLIC_META_AD_LIBRARY,PUBLIC_META_DISCLOSED,WEAK_RANGE,424051403222969,424051403222969,,105664798388099,Make.org,,,"[""FACEBOOK"",""INSTAGRAM""]",[],DE,EU_DE,PUBLIC_META_AD_LIBRARY_POLITICAL_AND_ISSUE_ADS,2022-10-19,2022-12-23,2022-10-19,2022-12-23,66,IMAGE,LEARN_MORE,make.org,http://make.org/DE/consultation/27-arte-de/selection?utm_source=facebook&utm_campaign=27-arte-de&utm_medium=pubimage&utm_term=femmes-16-80&utm_content=visuel-jauge&introCard=false,{{product.brand}},{{product.name}},{{product.description}},1000000,,,500000,600000,,,,0.6,,2500,3000,EUR,true,"[""Reach and impressions were collected from the same public Meta Ad Library ad row."",""Reach source path: reachEstimate"",""Impressions source path: impressionsWithIndex.impressionsText"",""Impressions are a public range, so the row remains a weak/range label.""]","{""audienceStatus"":""META_DISCLOSED"",""audiencePath"":""reachEstimate"",""impressionsStatus"":""META_DISCLOSED"",""impressionsPath"":""impressionsWithIndex.impressionsText"",""sourceUrl"":""https://www.facebook.com/ads/library/?active_status=all&ad_type=political_and_issue_ads&country=DE&search_type=keyword_unordered&media_type=all&q=partei""}",2026-08-10T12:35:35.603Z
public-meta-999671232049435-DE-2025-01-31-2025-02-03,PUBLIC_META_AD_LIBRARY,PUBLIC_META_DISCLOSED,WEAK_RANGE,999671232049435,999671232049435,,460370383826099,Robert Habeck,,,"[""FACEBOOK"",""INSTAGRAM""]",[],DE,EU_DE,PUBLIC_META_AD_LIBRARY_POLITICAL_AND_ISSUE_ADS,2025-01-31,2025-02-03,2025-01-31,2025-02-03,4,VIDEO,LEARN_MORE,habeck2025.de,http://www.habeck2025.de/,"Die Union erstellt eine Erpressungssituation, wenn Friedrich Merz sagt: „Stimmt ihr nicht mit uns, dann stimmen wir mit der AfD.“ Auf dieser Grundlage kann niemand, der die Dinge zu Ende denkt, bei der heutigen Abstimmung einschlagen.",,,1000000,,,450000,500000,,,,0.5,,2500,3000,EUR,true,"[""Reach and impressions were collected from the same public Meta Ad Library ad row."",""Reach source path: reachEstimate"",""Impressions source path: impressionsWithIndex.impressionsText"",""Impressions are a public range, so the row remains a weak/range label.""]","{""audienceStatus"":""META_DISCLOSED"",""audiencePath"":""reachEstimate"",""impressionsStatus"":""META_DISCLOSED"",""impressionsPath"":""impressionsWithIndex.impressionsText"",""sourceUrl"":""https://www.facebook.com/ads/library/?active_status=all&ad_type=political_and_issue_ads&country=DE&search_type=keyword_unordered&media_type=all&q=partei""}",2026-08-10T12:35:35.603Z
public-meta-332439393275083-DE-2024-05-01-2024-06-10,PUBLIC_META_AD_LIBRARY,PUBLIC_META_DISCLOSED,WEAK_RANGE,332439393275083,332439393275083,,106516184465027,DieBasis,,,"[""FACEBOOK"",""INSTAGRAM""]",[],DE,EU_DE,PUBLIC_META_AD_LIBRARY_POLITICAL_AND_ISSUE_ADS,2024-05-01,2024-06-10,2024-05-01,2024-06-10,41,VIDEO,WATCH_MORE,diebasis-partei.de,https://diebasis-partei.de/wahlen/europawahl-2024/kandidaten-zur-eu-wahl/,"🕊️ Die Europäische Union, ursprünglich als Projekt zur Vermeidung von Kriegen gegründet, hat sich in ein Instrument der Macht verwandelt, das oft nicht mehr die Interessen der Bürger vertritt. - Jetzt ist die Zeit, unsere Richtung zu ändern. 

Ich, Anton Körner, kandidiere für die Europawahlen 2024 mit einem klaren Ziel: Frieden durch Diplomatie, Waffenstillstandsverhandlungen und echte Gespräche, nicht Kriegsrhetorik und militärische Interventionen. 

🌍 Die Basisdemokratische Partei Deutschland steht für einen gemeinsamen Dialog in Europa, für Frieden und Freiheit. 

🤝Glauben Sie noch an diese Werte? Dann unterstützen Sie uns bei der EU-Wahl am 09. Juni. Zusammen können wir Europa zurück zu seinen Wurzeln führen – einem Ort der Kooperation und des Friedens.

👉 Klicken Sie auf „Mehr ansehen“, um mehr über unsere Vision für Europa und wie wir diese erreichen wollen, zu erfahren!",Anton Körner für ein friedliches Europa,,1000000,,,450000,500000,,,,0.5,,700,799,EUR,true,"[""Reach and impressions were collected from the same public Meta Ad Library ad row."",""Reach source path: reachEstimate"",""Impressions source path: impressionsWithIndex.impressionsText"",""Impressions are a public range, so the row remains a weak/range label.""]","{""audienceStatus"":""META_DISCLOSED"",""audiencePath"":""reachEstimate"",""impressionsStatus"":""META_DISCLOSED"",""impressionsPath"":""impressionsWithIndex.impressionsText"",""sourceUrl"":""https://www.facebook.com/ads/library/?active_status=all&ad_type=political_and_issue_ads&country=DE&search_type=keyword_unordered&media_type=all&q=partei""}",2026-08-10T12:35:35.603Z
public-meta-7746037022094826-DE-2024-05-01-2024-06-10,PUBLIC_META_AD_LIBRARY,PUBLIC_META_DISCLOSED,WEAK_RANGE,7746037022094826,7746037022094826,,106516184465027,DieBasis,,,"[""FACEBOOK""]",[],DE,EU_DE,PUBLIC_META_AD_LIBRARY_POLITICAL_AND_ISSUE_ADS,2024-05-01,2024-06-10,2024-05-01,2024-06-10,41,VIDEO,WATCH_MORE,diebasis-partei.de,https://diebasis-partei.de/wahlen/europawahl-2024/kandidaten-zur-eu-wahl/,"🗣️ Während der Corona-Pandemie haben Hunderttausende Bürger ihre Meinungen zu den Maßnahmen auf die Straßen gebracht. Doch die Antworten waren nicht Dialog, sondern Polizeigewalt und Diffamierung. 
Diese Erfahrung hat mir, Michaele Kundermann, gezeigt, dass es höchste Zeit ist, unsere Stimme gegen den aktuellen Kurs von Deutschland und Europa zu erheben.

🤝 In den letzten Jahren hat Europa Gesetze erlassen, die tief in unsere Freiheits- und Grundrechte eingreifen. Das Europäische Parlament hat dabei oft wenig zu sagen und die Vorschläge der Kommission ohne ausreichende Prüfung abgenickt. Das muss sich ändern.

🗳️ Am 9. Juni haben Sie die Möglichkeit, für eine Veränderung zu stimmen. Wählen Sie die Basisdemokratie, wählen Sie mich, Michaele Kundermann, für das EU-Parlament. Lassen Sie uns zusammen sicherstellen, dass die Bürger direkt über ihr Schicksal entscheiden können und echte Demokratie erleben.

👉 Klicke auf „Mehr ansehen“, um mehr über unsere Pläne für eine echte Demokratie und den Schutz der Bürgerrechte zu erfahren!",Michaele Kundermann: Für echte Demokratie und Bürgerrechte,,1000000,,,450000,500000,,,,0.5,,600,699,EUR,true,"[""Reach and impressions were collected from the same public Meta Ad Library ad row."",""Reach source path: reachEstimate"",""Impressions source path: impressionsWithIndex.impressionsText"",""Impressions are a public range, so the row remains a weak/range label.""]","{""audienceStatus"":""META_DISCLOSED"",""audiencePath"":""reachEstimate"",""impressionsStatus"":""META_DISCLOSED"",""impressionsPath"":""impressionsWithIndex.impressionsText"",""sourceUrl"":""https://www.facebook.com/ads/library/?active_status=all&ad_type=political_and_issue_ads&country=DE&search_type=keyword_unordered&media_type=all&q=partei""}",2026-08-10T12:35:35.603Z
public-meta-1339752384012199-DE-2025-02-13-2025-02-23,PUBLIC_META_AD_LIBRARY,PUBLIC_META_DISCLOSED,WEAK_RANGE,1339752384012199,1339752384012199,,527683293756082,DrAnsay Backup,,,"[""FACEBOOK"",""INSTAGRAM""]",[],DE,EU_DE,PUBLIC_META_AD_LIBRARY_POLITICAL_AND_ISSUE_ADS,2025-02-13,2025-02-23,2025-02-13,2025-02-23,11,IMAGE,LEARN_MORE,dransay-partei.de,https://dransay-partei.de/,{{product.brand}},{{product.name}},{{product.description}},1000000,,,450000,500000,,,,0.5,,700,799,EUR,true,"[""Reach and impressions were collected from the same public Meta Ad Library ad row."",""Reach source path: reachEstimate"",""Impressions source path: impressionsWithIndex.impressionsText"",""Impressions are a public range, so the row remains a weak/range label.""]","{""audienceStatus"":""META_DISCLOSED"",""audiencePath"":""reachEstimate"",""impressionsStatus"":""META_DISCLOSED"",""impressionsPath"":""impressionsWithIndex.impressionsText"",""sourceUrl"":""https://www.facebook.com/ads/library/?active_status=all&ad_type=political_and_issue_ads&country=DE&search_type=keyword_unordered&media_type=all&q=partei""}",2026-08-10T12:35:35.603Z
public-meta-411718468099827-DE-2024-08-18-2024-09-20,PUBLIC_META_AD_LIBRARY,PUBLIC_META_DISCLOSED,WEAK_RANGE,411718468099827,411718468099827,,343685945498290,Mission Apotheke,,,"[""FACEBOOK""]",[],DE,EU_DE,PUBLIC_META_AD_LIBRARY_POLITICAL_AND_ISSUE_ADS,2024-08-18,2024-09-20,2024-08-18,2024-09-20,34,UNKNOWN,,mission-apotheke.de,https://www.mission-apotheke.de/,{{product.brand}},{{product.name}},,1000000,,,450000,500000,,,,0.5,,500,599,EUR,true,"[""Reach and impressions were collected from the same public Meta Ad Library ad row."",""Reach source path: reachEstimate"",""Impressions source path: impressionsWithIndex.impressionsText"",""Impressions are a public range, so the row remains a weak/range label.""]","{""audienceStatus"":""META_DISCLOSED"",""audiencePath"":""reachEstimate"",""impressionsStatus"":""META_DISCLOSED"",""impressionsPath"":""impressionsWithIndex.impressionsText"",""sourceUrl"":""https://www.facebook.com/ads/library/?active_status=all&ad_type=political_and_issue_ads&country=DE&search_type=keyword_unordered&media_type=all&q=partei""}",2026-08-10T12:35:35.603Z
public-meta-212881857647863-DE-2021-12-03-2021-12-10,PUBLIC_META_AD_LIBRARY,PUBLIC_META_DISCLOSED,WEAK_RANGE,212881857647863,212881857647863,,540404695989874,AfD,,,"[""FACEBOOK"",""INSTAGRAM""]",[],DE,EU_DE,PUBLIC_META_AD_LIBRARY_POLITICAL_AND_ISSUE_ADS,2021-12-03,2021-12-10,2021-12-03,2021-12-10,8,UNKNOWN,DONATE_NOW,spenden.afd.de,http://spenden.afd.de/,{{product.brand}},{{product.name}},{{product.description}},1000000,,,450000,500000,,,,0.5,,1500,2000,EUR,true,"[""Reach and impressions were collected from the same public Meta Ad Library ad row."",""Reach source path: reachEstimate"",""Impressions source path: impressionsWithIndex.impressionsText"",""Impressions are a public range, so the row remains a weak/range label.""]","{""audienceStatus"":""META_DISCLOSED"",""audiencePath"":""reachEstimate"",""impressionsStatus"":""META_DISCLOSED"",""impressionsPath"":""impressionsWithIndex.impressionsText"",""sourceUrl"":""https://www.facebook.com/ads/library/?active_status=all&ad_type=political_and_issue_ads&country=DE&search_type=keyword_unordered&media_type=all&q=partei""}",2026-08-10T12:35:35.603Z
public-meta-968234571514350-DE-2024-05-23-2024-06-06,PUBLIC_META_AD_LIBRARY,PUBLIC_META_DISCLOSED,WEAK_RANGE,968234571514350,968234571514350,,335025196350585,Dein X zählt,,,"[""FACEBOOK"",""INSTAGRAM""]",[],DE,EU_DE,PUBLIC_META_AD_LIBRARY_POLITICAL_AND_ISSUE_ADS,2024-05-23,2024-06-06,2024-05-23,2024-06-06,15,VIDEO,LEARN_MORE,voteswiper.org,https://www.voteswiper.org/de,"35 Parteien treten in Deutschland zur Europawahl an. Da kann man schon mal den Überblick verlieren. Aber keine Sorge: Tools wie der @voteswiper helfen dir dabei, die richtige Wahlentscheidung zu treffen. Jetzt ausprobieren – und am 9. Juni für ein offenes und demokratisches Europa stimmen!",,,1000000,,,450000,500000,,,,0.5,,2500,3000,EUR,true,"[""Reach and impressions were collected from the same public Meta Ad Library ad row."",""Reach source path: reachEstimate"",""Impressions source path: impressionsWithIndex.impressionsText"",""Impressions are a public range, so the row remains a weak/range label.""]","{""audienceStatus"":""META_DISCLOSED"",""audiencePath"":""reachEstimate"",""impressionsStatus"":""META_DISCLOSED"",""impressionsPath"":""impressionsWithIndex.impressionsText"",""sourceUrl"":""https://www.facebook.com/ads/library/?active_status=all&ad_type=political_and_issue_ads&country=DE&search_type=keyword_unordered&media_type=all&q=partei""}",2026-08-10T12:35:35.603Z
public-meta-3196435817154910-DE-2024-05-13-2024-06-10,PUBLIC_META_AD_LIBRARY,PUBLIC_META_DISCLOSED,WEAK_RANGE,3196435817154910,3196435817154910,,106516184465027,DieBasis,,,"[""FACEBOOK"",""INSTAGRAM""]",[],DE,EU_DE,PUBLIC_META_AD_LIBRARY_POLITICAL_AND_ISSUE_ADS,2024-05-13,2024-06-10,2024-05-13,2024-06-10,29,UNKNOWN,WATCH_MORE,diebasisbewegt.eu,https://diebasisbewegt.eu/,{{product.brand}},{{product.name}},{{product.description}},1000000,,,450000,500000,,,,0.5,,2500,3000,EUR,true,"[""Reach and impressions were collected from the same public Meta Ad Library ad row."",""Reach source path: reachEstimate"",""Impressions source path: impressionsWithIndex.impressionsText"",""Impressions are a public range, so the row remains a weak/range label.""]","{""audienceStatus"":""META_DISCLOSED"",""audiencePath"":""reachEstimate"",""impressionsStatus"":""META_DISCLOSED"",""impressionsPath"":""impressionsWithIndex.impressionsText"",""sourceUrl"":""https://www.facebook.com/ads/library/?active_status=all&ad_type=political_and_issue_ads&country=DE&search_type=keyword_unordered&media_type=all&q=partei""}",2026-08-10T12:35:35.604Z
public-meta-1149336870309161-DE-2025-02-20-2025-02-22,PUBLIC_META_AD_LIBRARY,PUBLIC_META_DISCLOSED,WEAK_RANGE,1149336870309161,1149336870309161,,460370383826099,Robert Habeck,,,"[""FACEBOOK"",""INSTAGRAM""]",[],DE,EU_DE,PUBLIC_META_AD_LIBRARY_POLITICAL_AND_ISSUE_ADS,2025-02-20,2025-02-22,2025-02-20,2025-02-22,3,VIDEO,LEARN_MORE,habeck2025.de,http://www.habeck2025.de/,"Wir müssen Kompromisse wieder als Stärke begreifen. Politik bedeutet, Lösungen zu finden, nicht nur Probleme zu beklagen. Beides gehört zusammen: der Konflikt – aber auch der Konsens. Daran können wir alle mitarbeiten. Denn: Demokratie ist kein Zuschauersport. Für Veränderung ist aber eines wichtig: Wählen gehen!",,,1000000,,,450000,500000,,,,0.5,,3000,3500,EUR,true,"[""Reach and impressions were collected from the same public Meta Ad Library ad row."",""Reach source path: reachEstimate"",""Impressions source path: impressionsWithIndex.impressionsText"",""Impressions are a public range, so the row remains a weak/range label.""]","{""audienceStatus"":""META_DISCLOSED"",""audiencePath"":""reachEstimate"",""impressionsStatus"":""META_DISCLOSED"",""impressionsPath"":""impressionsWithIndex.impressionsText"",""sourceUrl"":""https://www.facebook.com/ads/library/?active_status=all&ad_type=political_and_issue_ads&country=DE&search_type=keyword_unordered&media_type=all&q=partei""}",2026-08-10T12:35:35.604Z
public-meta-700756787567557-DE-2021-09-17-2021-09-26,PUBLIC_META_AD_LIBRARY,PUBLIC_META_DISCLOSED,WEAK_RANGE,700756787567557,700756787567557,,2010920999000602,Fridays for Future Deutschland,,,"[""FACEBOOK"",""INSTAGRAM""]",[],DE,EU_DE,PUBLIC_META_AD_LIBRARY_POLITICAL_AND_ISSUE_ADS,2021-09-17,2021-09-26,2021-09-17,2021-09-26,10,VIDEO,LEARN_MORE,fridaysforfuture.de,https://fridaysforfuture.de/wahlen/bundestagswahl/?so=fb&pk_campaign=WAHL-09-21&pk_kwd=t015_WAHL-09-21_ALL_ALL_18-30-broad_FB-IG_ALL_ALL_16x9_Spot_Psycho.mp4&pk_medium=FB&pk_group=ADs,"Du bist Dir noch nicht so ganz sicher, welche Partei Dein Kreuz bekommen soll oder willst einfach mal sehen, welche Partei am ehesten Deinem politischen Standpunkt in Sachen Klima entspricht? Dann klick Dich unbedingt durch den Klima-Wahlcheck!",Du zählst. 🌍 Geh wählen!,"für eine 1,5°C-kompatible Politik.",1000000,,,450000,500000,,,,0.5,,7000,8000,EUR,true,"[""Reach and impressions were collected from the same public Meta Ad Library ad row."",""Reach source path: reachEstimate"",""Impressions source path: impressionsWithIndex.impressionsText"",""Impressions are a public range, so the row remains a weak/range label.""]","{""audienceStatus"":""META_DISCLOSED"",""audiencePath"":""reachEstimate"",""impressionsStatus"":""META_DISCLOSED"",""impressionsPath"":""impressionsWithIndex.impressionsText"",""sourceUrl"":""https://www.facebook.com/ads/library/?active_status=all&ad_type=political_and_issue_ads&country=DE&search_type=keyword_unordered&media_type=all&q=partei""}",2026-08-10T12:35:35.604Z
public-meta-428794884881194-DE-2021-03-19-2021-07-04,PUBLIC_META_AD_LIBRARY,PUBLIC_META_DISCLOSED,WEAK_RANGE,428794884881194,428794884881194,,101011128446841,Projekt CLP,,,"[""FACEBOOK""]",[],DE,EU_DE,PUBLIC_META_AD_LIBRARY_POLITICAL_AND_ISSUE_ADS,2021-03-19,2021-07-04,2021-03-19,2021-07-04,108,IMAGE,LEARN_MORE,projekt-clp.de,https://projekt-clp.de/,"Wir sammeln 10.000 Unterstützerunterschriften für die Gründung einer neuen Partei. Trage dich ein! Beweisen wir gemeinsam, dass eine innovative & idealistische Politik auf Basis von christdemokratisch-liberalen Ideen möglich ist.

Du bist skeptisch? Dann besuche uns auf unserer Webseite und finde heraus, was wir besser machen möchten als bestehende Parteien. Unterstütze unser Projekt und teile unsere Idee mit deinen Freunden und Bekannten!",Jetzt Unterstützer werden,Unterstütze das Projekt CLP und werde einer von 10.000 Gründern einer christdemokratisch-liberalen Plattform für idealistische & innovative Politik.,1000000,,,450000,500000,,,,0.5,,3000,3500,EUR,true,"[""Reach and impressions were collected from the same public Meta Ad Library ad row."",""Reach source path: reachEstimate"",""Impressions source path: impressionsWithIndex.impressionsText"",""Impressions are a public range, so the row remains a weak/range label.""]","{""audienceStatus"":""META_DISCLOSED"",""audiencePath"":""reachEstimate"",""impressionsStatus"":""META_DISCLOSED"",""impressionsPath"":""impressionsWithIndex.impressionsText"",""sourceUrl"":""https://www.facebook.com/ads/library/?active_status=all&ad_type=political_and_issue_ads&country=DE&search_type=keyword_unordered&media_type=all&q=partei""}",2026-08-10T12:35:35.604Z
public-meta-2077821815996363-DE-2025-02-21-2025-02-24,PUBLIC_META_AD_LIBRARY,PUBLIC_META_DISCLOSED,WEAK_RANGE,2077821815996363,2077821815996363,,142603625775614,Die Linke Sachsen,,,"[""FACEBOOK"",""INSTAGRAM""]",[],DE,EU_DE,PUBLIC_META_AD_LIBRARY_POLITICAL_AND_ISSUE_ADS,2025-02-21,2025-02-24,2025-02-21,2025-02-24,4,UNKNOWN,,dielinke-sachsen.de,http://www.dielinke-sachsen.de/,{{product.brand}},{{product.name}},,1000000,,,450000,500000,,,,0.5,,2000,2500,EUR,true,"[""Reach and impressions were collected from the same public Meta Ad Library ad row."",""Reach source path: reachEstimate"",""Impressions source path: impressionsWithIndex.impressionsText"",""Impressions are a public range, so the row remains a weak/range label.""]","{""audienceStatus"":""META_DISCLOSED"",""audiencePath"":""reachEstimate"",""impressionsStatus"":""META_DISCLOSED"",""impressionsPath"":""impressionsWithIndex.impressionsText"",""sourceUrl"":""https://www.facebook.com/ads/library/?active_status=all&ad_type=political_and_issue_ads&country=DE&search_type=keyword_unordered&media_type=all&q=partei""}",2026-08-10T12:35:35.604Z
public-meta-473720248388079-DE-2024-05-24-2024-06-07,PUBLIC_META_AD_LIBRARY,PUBLIC_META_DISCLOSED,WEAK_RANGE,473720248388079,473720248388079,,293240477198971,Familien-Partei-Deutschlands,,,"[""FACEBOOK""]",[],DE,EU_DE,PUBLIC_META_AD_LIBRARY_POLITICAL_AND_ISSUE_ADS,2024-05-24,2024-06-07,2024-05-24,2024-06-07,15,IMAGE,LEARN_MORE,waehlefamilie.de,http://www.waehlefamilie.de/,"🇪🇺 Deine Wahl am 09. Juni 🇪🇺

Wir sind auf vielen Ebenen bereits ein Aktivposten im Europaparlament und stärken u.a. die Familien.

Unser Grundsatz für unser Europa ist, dass nur aus starken Familien ein starkes Europa entsteht, dass sich in dieser globalen Welt behaupten kann! 

Die Familien-Partei setzt sich dafür ein, dass Europa zukünftig sozialer und gesundheitspolitisch ausgestaltet wird. 

🇪🇺 Deine Wahl am 09. Juni 🇪🇺",Familien-Partei Deutschlands | Partei,"Wir betreiben Familienpolitik als Grundlage aller Politikbereiche und bedienen nicht eine einzelne Thematik und sehen unsere politische Chance als Kleinpartei neben dem direkten Mitwirken in den Volksvertretungen auch in der Einflussnahme auf die Programme und Entscheidungen der großen Parteien, in...",1000000,,,450000,500000,,,,0.5,,2500,3000,EUR,true,"[""Reach and impressions were collected from the same public Meta Ad Library ad row."",""Reach source path: reachEstimate"",""Impressions source path: impressionsWithIndex.impressionsText"",""Impressions are a public range, so the row remains a weak/range label.""]","{""audienceStatus"":""META_DISCLOSED"",""audiencePath"":""reachEstimate"",""impressionsStatus"":""META_DISCLOSED"",""impressionsPath"":""impressionsWithIndex.impressionsText"",""sourceUrl"":""https://www.facebook.com/ads/library/?active_status=all&ad_type=political_and_issue_ads&country=DE&search_type=keyword_unordered&media_type=all&q=partei""}",2026-08-10T12:35:35.604Z
public-meta-280996046441604-DE-2020-06-24-2020-06-28,PUBLIC_META_AD_LIBRARY,PUBLIC_META_DISCLOSED,WEAK_RANGE,280996046441604,280996046441604,,78502295414,CDU,,,"[""FACEBOOK"",""INSTAGRAM""]",[],DE,EU_DE,PUBLIC_META_AD_LIBRARY_POLITICAL_AND_ISSUE_ADS,2020-06-24,2020-06-28,2020-06-24,2020-06-28,5,VIDEO,LEARN_MORE,mitmachen.cdu.de,http://mitmachen.cdu.de/kickoff2030,"120 Sekunden für die CDU zum 75. Geburtstag 🎂. Wir erinnern an 75 Jahre Verantwortung, 50 Jahre Regierung, 5 Bundeskanzler und eine Partei. Und wir wollen gemeinsam – auch mit Ihnen – weiter an einer guten Zukunft arbeiten. Sehen Sie hier den Film zu unserem Geburtstag 👇",#75JahreCDU 🎂,,1000000,,,450000,500000,,,,0.5,,1500,2000,EUR,true,"[""Reach and impressions were collected from the same public Meta Ad Library ad row."",""Reach source path: reachEstimate"",""Impressions source path: impressionsWithIndex.impressionsText"",""Impressions are a public range, so the row remains a weak/range label.""]","{""audienceStatus"":""META_DISCLOSED"",""audiencePath"":""reachEstimate"",""impressionsStatus"":""META_DISCLOSED"",""impressionsPath"":""impressionsWithIndex.impressionsText"",""sourceUrl"":""https://www.facebook.com/ads/library/?active_status=all&ad_type=political_and_issue_ads&country=DE&search_type=keyword_unordered&media_type=all&q=partei""}",2026-08-10T12:35:35.604Z
public-meta-332254698785585-DE-2022-04-05-2022-04-18,PUBLIC_META_AD_LIBRARY,PUBLIC_META_DISCLOSED,WEAK_RANGE,332254698785585,332254698785585,,150480805043795,DIE LINKE. NRW,,,"[""FACEBOOK""]",[],DE,EU_DE,PUBLIC_META_AD_LIBRARY_POLITICAL_AND_ISSUE_ADS,2022-04-05,2022-04-18,2022-04-05,2022-04-18,14,VIDEO,LEARN_MORE,wahl2022.dielinke-nrw.de,https://wahl2022.dielinke-nrw.de/,"Keine soziale Gerechtigkeit hier ohne DIE LINKE im Landtag! Warum, erfahrt ihr im Spot. Jetzt weitersagen! #machsgerecht",Gerechtigkeit in NRW braucht DIE LINKE.,Ungerechtigkeit streichen!,1000000,,,450000,500000,,,,0.5,,800,899,EUR,true,"[""Reach and impressions were collected from the same public Meta Ad Library ad row."",""Reach source path: reachEstimate"",""Impressions source path: impressionsWithIndex.impressionsText"",""Impressions are a public range, so the row remains a weak/range label.""]","{""audienceStatus"":""META_DISCLOSED"",""audiencePath"":""reachEstimate"",""impressionsStatus"":""META_DISCLOSED"",""impressionsPath"":""impressionsWithIndex.impressionsText"",""sourceUrl"":""https://www.facebook.com/ads/library/?active_status=all&ad_type=political_and_issue_ads&country=DE&search_type=keyword_unordered&media_type=all&q=partei""}",2026-08-10T12:35:35.604Z
public-meta-1128889075385371-DE-2025-02-17-2025-02-24,PUBLIC_META_AD_LIBRARY,PUBLIC_META_DISCLOSED,WEAK_RANGE,1128889075385371,1128889075385371,,164629470060120,Bündnis Sahra Wagenknecht - Vernunft und Gerechtigkeit,,,"[""FACEBOOK""]",[],DE,EU_DE,PUBLIC_META_AD_LIBRARY_POLITICAL_AND_ISSUE_ADS,2025-02-17,2025-02-24,2025-02-17,2025-02-24,8,VIDEO,LEARN_MORE,facebook.com,https://www.facebook.com/BSW.Bund,"Warum Deine Zweitstimme wichtig ist?

Ganz einfach: Die Zweitstimme ist der zentrale Schlüssel für den Einzug des BSW in den Bundestag!

👉 Ihr findet die Zweitstimme auf der rechten Seite des Wahlzettels. Zum Teil etwas weiter unten. Auf der linken Seite des Wahlzettels kannst Du mit deiner Erststimme einen Wahlkreis-Kandidaten wählen. Da wir als junge Partei noch nicht überall Direktkandidaten haben, findest Du das BSW dort häufig nicht.

Aber keine Sorge! Deine Zweitstimme (rechte Seite) entscheidet, wie stark wir im Bundestag vertreten sind – und die ist entscheidend! 

💡 Wichtig zu wissen:

✅ Du kannst auch nur Deine Zweitstimme abgeben. Ein Kreuz genügt – der Stimmzettel bleibt gültig.

🚫 Kein zusätzlicher Text oder mehr als 2 Kreuze – sonst wird deine Stimme ungültig.

💪 Verschenke Deine Stimme nicht! Überzeuge Freunde, Nachbarn, Familie und Kollegen, auch ihre Stimme nicht für ein Weiter-so zu verschenken.

Zweitstimme ist Sahra-Stimme - für Frieden, Vernunft und Gerechtigkeit.

 
#BTW2025 #Bundestagswahl2025 #BSW #UnserLandVerdientMehr",Warum Deine Zweitstimme wichtig ist?,,1000000,,,450000,500000,,,,0.5,,800,899,EUR,true,"[""Reach and impressions were collected from the same public Meta Ad Library ad row."",""Reach source path: reachEstimate"",""Impressions source path: impressionsWithIndex.impressionsText"",""Impressions are a public range, so the row remains a weak/range label.""]","{""audienceStatus"":""META_DISCLOSED"",""audiencePath"":""reachEstimate"",""impressionsStatus"":""META_DISCLOSED"",""impressionsPath"":""impressionsWithIndex.impressionsText"",""sourceUrl"":""https://www.facebook.com/ads/library/?active_status=all&ad_type=political_and_issue_ads&country=DE&search_type=keyword_unordered&media_type=all&q=partei""}",2026-08-10T12:35:35.604Z
public-meta-788715403351981-DE-2024-05-14-2024-05-28,PUBLIC_META_AD_LIBRARY,PUBLIC_META_DISCLOSED,WEAK_RANGE,788715403351981,788715403351981,,106516184465027,DieBasis,,,"[""FACEBOOK"",""INSTAGRAM""]",[],DE,EU_DE,PUBLIC_META_AD_LIBRARY_POLITICAL_AND_ISSUE_ADS,2024-05-14,2024-05-28,2024-05-14,2024-05-28,15,IMAGE,LEARN_MORE,wahl.diebasis.eu,https://wahl.diebasis.eu/umfrage/,{{product.brand}},{{product.name}},{{product.description}},1000000,,,450000,500000,,,,0.5,,2500,3000,EUR,true,"[""Reach and impressions were collected from the same public Meta Ad Library ad row."",""Reach source path: reachEstimate"",""Impressions source path: impressionsWithIndex.impressionsText"",""Impressions are a public range, so the row remains a weak/range label.""]","{""audienceStatus"":""META_DISCLOSED"",""audiencePath"":""reachEstimate"",""impressionsStatus"":""META_DISCLOSED"",""impressionsPath"":""impressionsWithIndex.impressionsText"",""sourceUrl"":""https://www.facebook.com/ads/library/?active_status=all&ad_type=political_and_issue_ads&country=DE&search_type=keyword_unordered&media_type=all&q=partei""}",2026-08-10T12:35:35.604Z
public-meta-966409895145533-DE-2025-02-19-2025-02-23,PUBLIC_META_AD_LIBRARY,PUBLIC_META_DISCLOSED,WEAK_RANGE,966409895145533,966409895145533,,331832984040,LichtBlick,,,"[""INSTAGRAM""]",[],DE,EU_DE,PUBLIC_META_AD_LIBRARY_POLITICAL_AND_ISSUE_ADS,2025-02-19,2025-02-23,2025-02-19,2025-02-23,5,VIDEO,LEARN_MORE,lichtblick.de,https://www.lichtblick.de/energiepolitik/,"📢 Am Sonntag ist #Bundestagswahl – Eure Stimme entscheidet! ‼️

#Demokratie lebt davon, dass wir mitbestimmen. Ob Erst-, Last-Minute- oder unentschlossene Wähler*innen – jede einzelne Stimme zählt und ist wichtig! All votes count in! 👩🏼‍🤝‍👨🏾

Aktuellen Umfragen zufolge sind knapp 27% der Wähler*innen noch unentschieden – oder wollen gar nicht wählen gehen. 😱 Die Folge: Jede nicht abgegebene Stimme stärkt automatisch diejenigen, die ihr vielleicht gar nicht im Parlament sehen wollt. 😱

Sorry Leute: Nicht zu wählen, ist einfach keine Option! Eine geringe Wahlbeteiligung hat schwerwiegende Nachteile: 

❌ Populistische Parteien gewinnen an Einfluss.
❌ Eure Interessen bleiben ungehört.
❌ Das Wahlergebnis wird verzerrt.

Stellt euch vor: 100 Menschen dürfen wählen. 25 wählen eine extreme Partei. 💡 

🗳️ Gehen nur 50 Menschen wählen, sind das 50% der Stimmen für diese Partei! 😨
🗳️ Gehen alle 100 wählen, sind es nur 25%.

Sprich: Je mehr Menschen wählen, desto demokratischer ist das Ergebnis! ✔

Es gibt vielleicht Gründe, nicht zur Wahl zu gehen: Politikverdrossenheit, Zeitmangel, Krankheit, schlechtes Wetter. Fair enough. Aber wollt ihr die Entscheidung über die Zukunft anderen überlassen? Wir auch nicht. 😉

Unsere Werte wie #Meinungsfreiheit, Gleichheit und #Vielfalt sind nicht selbstverständlich – sie brauchen euch! 💚

📢 Also: Trag die Botschaft weiter. Motiviert eure Freund*innen und eure Familien. Und geht am Sonntag wählen! ✅ ✏️ 📩

#BTW25 #GehtWählen #JedeStimmeZählt

Quelle: Statista",,,1000000,,,450000,500000,,,,0.5,,600,699,EUR,true,"[""Reach and impressions were collected from the same public Meta Ad Library ad row."",""Reach source path: reachEstimate"",""Impressions source path: impressionsWithIndex.impressionsText"",""Impressions are a public range, so the row remains a weak/range label.""]","{""audienceStatus"":""META_DISCLOSED"",""audiencePath"":""reachEstimate"",""impressionsStatus"":""META_DISCLOSED"",""impressionsPath"":""impressionsWithIndex.impressionsText"",""sourceUrl"":""https://www.facebook.com/ads/library/?active_status=all&ad_type=political_and_issue_ads&country=DE&search_type=keyword_unordered&media_type=all&q=partei""}",2026-08-10T12:35:35.604Z
public-meta-283915831379133-DE-2024-05-29-2024-06-03,PUBLIC_META_AD_LIBRARY,PUBLIC_META_DISCLOSED,WEAK_RANGE,283915831379133,283915831379133,,499613946840551,PdH I Partei der Humanisten,,,"[""FACEBOOK"",""INSTAGRAM""]",[],DE,EU_DE,PUBLIC_META_AD_LIBRARY_POLITICAL_AND_ISSUE_ADS,2024-05-29,2024-06-03,2024-05-29,2024-06-03,6,IMAGE,LEARN_MORE,pdh.eu,http://pdh.eu/eu242,"Freiheit möchten wir auch im Netz! Daher lehnen wir Maßnahmen wie Uploadfilter und Geoblocking entschieden ab.

Dazu planen wir eine Verkürzung der Schutzfrist des Urheberrechts nach dem Tod und vereinheitlichen das Urheber- und Zitatrecht in den EU-Staaten.

#neuerpolitikstil #pdh4europe #europawahl #europabewegen #europaparlament #demokratie #freiheit #liberal #politik #brüssel",PdH I Partei der Humanisten,,1000000,,,450000,500000,,,,0.5,,3000,3500,EUR,true,"[""Reach and impressions were collected from the same public Meta Ad Library ad row."",""Reach source path: reachEstimate"",""Impressions source path: impressionsWithIndex.impressionsText"",""Impressions are a public range, so the row remains a weak/range label.""]","{""audienceStatus"":""META_DISCLOSED"",""audiencePath"":""reachEstimate"",""impressionsStatus"":""META_DISCLOSED"",""impressionsPath"":""impressionsWithIndex.impressionsText"",""sourceUrl"":""https://www.facebook.com/ads/library/?active_status=all&ad_type=political_and_issue_ads&country=DE&search_type=keyword_unordered&media_type=all&q=partei""}",2026-08-10T12:35:35.604Z
public-meta-1150302456501131-DE-2025-02-06-2025-02-24,PUBLIC_META_AD_LIBRARY,PUBLIC_META_DISCLOSED,WEAK_RANGE,1150302456501131,1150302456501131,,156304484388194,Die Linke Berlin,,,"[""FACEBOOK"",""INSTAGRAM""]",[],DE,EU_DE,PUBLIC_META_AD_LIBRARY_POLITICAL_AND_ISSUE_ADS,2025-02-06,2025-02-24,2025-02-06,2025-02-24,19,VIDEO,LEARN_MORE,dielinke.berlin,https://dielinke.berlin/start,"➡️ Am 23. Februar wird gewählt und es braucht eine starke soziale Opposition im Bundestag, die konsequent für eine gerechte Gesellschaft einsteht. 🤝

Wir kämpfen auch nach der Wahl für dich. ❤️‍🔥 Wir legen uns mit dir gegen die Reichen und Konzerne an  und wir bringen die anderen Parteien dazu, sozialere Politik zu machen. Denn alle anderen wollen regieren, wir wollen verändern.  🙌

Am 23. Februar: beide Stimmen für Die Linke! Insbesondere in Treptow-Köpenick, wo Gregor Gysi erneut zur Wahl steht. 

PS: Wer zu Ende schaut, erfährt ein kleines Geheimnis, auf dass sich Gregor Gysi jetzt schon freut. 😌 Damit sein Wunsch in Erfüllung geht...muss Gregor in den Bundestag! 😎","Wer eine linke Kraft im Bundestag will, muss Die Linke wählen. 🚩",,1000000,,,450000,500000,,,,0.5,,600,699,EUR,true,"[""Reach and impressions were collected from the same public Meta Ad Library ad row."",""Reach source path: reachEstimate"",""Impressions source path: impressionsWithIndex.impressionsText"",""Impressions are a public range, so the row remains a weak/range label.""]","{""audienceStatus"":""META_DISCLOSED"",""audiencePath"":""reachEstimate"",""impressionsStatus"":""META_DISCLOSED"",""impressionsPath"":""impressionsWithIndex.impressionsText"",""sourceUrl"":""https://www.facebook.com/ads/library/?active_status=all&ad_type=political_and_issue_ads&country=DE&search_type=keyword_unordered&media_type=all&q=partei""}",2026-08-10T12:35:35.604Z
public-meta-1050889772345591-DE-2021-09-01-2021-09-16,PUBLIC_META_AD_LIBRARY,PUBLIC_META_DISCLOSED,WEAK_RANGE,1050889772345591,1050889772345591,,134209407129787,Volt Deutschland,,,"[""INSTAGRAM""]",[],DE,EU_DE,PUBLIC_META_AD_LIBRARY_POLITICAL_AND_ISSUE_ADS,2021-09-01,2021-09-16,2021-09-01,2021-09-16,16,VIDEO,LEARN_MORE,voltdeutschland.org,https://www.voltdeutschland.org/?utm_source=ig&utm_medium=reach&utm_campaign=btw21&utm_term=+wk1w&utm_content=wws1,Die Zeit ist reif für eine neue Generation in der Politik und im Bundestag. Die Generation Europa ist vereint durch Vielfalt und gemeinsame Werte.,,,100000,500000,,450000,500000,,,0.9,5,,1000,1500,EUR,true,"[""Reach and impressions were collected from the same public Meta Ad Library ad row."",""Reach source path: reachEstimate"",""Impressions source path: impressionsWithIndex.impressionsText"",""Impressions are a public range, so the row remains a weak/range label.""]","{""audienceStatus"":""META_DISCLOSED"",""audiencePath"":""reachEstimate"",""impressionsStatus"":""META_DISCLOSED"",""impressionsPath"":""impressionsWithIndex.impressionsText"",""sourceUrl"":""https://www.facebook.com/ads/library/?active_status=all&ad_type=political_and_issue_ads&country=DE&search_type=keyword_unordered&media_type=all&q=partei""}",2026-08-10T12:35:35.604Z
public-meta-280872005016673-DE-2024-05-23-2024-06-09,PUBLIC_META_AD_LIBRARY,PUBLIC_META_DISCLOSED,WEAK_RANGE,280872005016673,280872005016673,,147245511963527,DGB,,,"[""INSTAGRAM""]",[],DE,EU_DE,PUBLIC_META_AD_LIBRARY_POLITICAL_AND_ISSUE_ADS,2024-05-23,2024-06-09,2024-05-23,2024-06-09,18,VIDEO,LEARN_MORE,dgb.de,https://www.dgb.de/mitmachen/kampagnen/europawahl/,,,,1000000,,,450000,500000,,,,0.5,,800,899,EUR,true,"[""Reach and impressions were collected from the same public Meta Ad Library ad row."",""Reach source path: reachEstimate"",""Impressions source path: impressionsWithIndex.impressionsText"",""Impressions are a public range, so the row remains a weak/range label.""]","{""audienceStatus"":""META_DISCLOSED"",""audiencePath"":""reachEstimate"",""impressionsStatus"":""META_DISCLOSED"",""impressionsPath"":""impressionsWithIndex.impressionsText"",""sourceUrl"":""https://www.facebook.com/ads/library/?active_status=all&ad_type=political_and_issue_ads&country=DE&search_type=keyword_unordered&media_type=all&q=partei""}",2026-08-10T12:35:35.604Z
public-meta-930087989202701-DE-2025-06-13-2025-10-01,PUBLIC_META_AD_LIBRARY,PUBLIC_META_DISCLOSED,WEAK_RANGE,930087989202701,930087989202701,,313744767921,der Freitag,,,"[""FACEBOOK"",""INSTAGRAM""]",[],DE,EU_DE,PUBLIC_META_AD_LIBRARY_POLITICAL_AND_ISSUE_ADS,2025-06-13,2025-10-01,2025-06-13,2025-10-01,111,IMAGE,GET_OFFER,fb.me,http://fb.me/,{{product.brand}},{{product.name}},{{product.description}},1000000,,,400000,450000,,,,0.45,,4500,5000,EUR,true,"[""Reach and impressions were collected from the same public Meta Ad Library ad row."",""Reach source path: reachEstimate"",""Impressions source path: impressionsWithIndex.impressionsText"",""Impressions are a public range, so the row remains a weak/range label.""]","{""audienceStatus"":""META_DISCLOSED"",""audiencePath"":""reachEstimate"",""impressionsStatus"":""META_DISCLOSED"",""impressionsPath"":""impressionsWithIndex.impressionsText"",""sourceUrl"":""https://www.facebook.com/ads/library/?active_status=all&ad_type=political_and_issue_ads&country=DE&search_type=keyword_unordered&media_type=all&q=partei""}",2026-08-10T12:35:35.604Z
public-meta-1660001068181196-DE-2024-06-06-2024-06-10,PUBLIC_META_AD_LIBRARY,PUBLIC_META_DISCLOSED,WEAK_RANGE,1660001068181196,1660001068181196,,147245511963527,DGB,,,"[""INSTAGRAM""]",[],DE,EU_DE,PUBLIC_META_AD_LIBRARY_POLITICAL_AND_ISSUE_ADS,2024-06-06,2024-06-10,2024-06-06,2024-06-10,5,VIDEO,LEARN_MORE,dgb.de,https://www.dgb.de/gerechtigkeit/demokratie/termine-der-demos-gegen-rechts/,"Geh am 9. Juni wählen, damit Europa demokratisch bleibt! 🇪🇺 #BesserMitEuropa

Wenn du schon vorher ein Zeichen für unsere Demokratie setzen willst, komm zu unseren Demos mit @rechtsextremismus_stoppen: dgb.de/jetzt

@campact.de
@arsch_huh_zaeng_ussenander",,,1000000,,,400000,450000,,,,0.45,,1000,1500,EUR,true,"[""Reach and impressions were collected from the same public Meta Ad Library ad row."",""Reach source path: reachEstimate"",""Impressions source path: impressionsWithIndex.impressionsText"",""Impressions are a public range, so the row remains a weak/range label.""]","{""audienceStatus"":""META_DISCLOSED"",""audiencePath"":""reachEstimate"",""impressionsStatus"":""META_DISCLOSED"",""impressionsPath"":""impressionsWithIndex.impressionsText"",""sourceUrl"":""https://www.facebook.com/ads/library/?active_status=all&ad_type=political_and_issue_ads&country=DE&search_type=keyword_unordered&media_type=all&q=partei""}",2026-08-10T12:35:35.604Z
public-meta-617843611003067-DE-2025-02-17-2025-02-23,PUBLIC_META_AD_LIBRARY,PUBLIC_META_DISCLOSED,WEAK_RANGE,617843611003067,617843611003067,,206307219386683,Sahra Wagenknecht,,,"[""INSTAGRAM""]",[],DE,EU_DE,PUBLIC_META_AD_LIBRARY_POLITICAL_AND_ISSUE_ADS,2025-02-17,2025-02-23,2025-02-17,2025-02-23,7,VIDEO,LEARN_MORE,instagram.com,https://www.instagram.com/sahra_wagenknecht/,"Wie heißt es so schön: Was ist der Unterschied zwischen einer Verschwörungstheorie und der Wahrheit? 12 Monate. Hier ein Ausschnitt aus meiner Wochenschau von Dezember 2023, der zeigt, worum sich dieser Krieg in erster Linie gedreht hat: Um die NATO-Mitgliedschaft der Ukraine. Wie viel Tote, wie viel menschliches Leid und wie viel Zerstörung hätte man vermeiden können, wenn man auf diese NATO-Mitgliedschaft verzichtet und wenn man die Ukraine nicht zum Abbruch der Verhandlungen gedrängt hätte? Und wie viel Steuergeld wurde sinnlos verschwendet, um diesen Krieg am Laufen zu halten? Die Wahrheit kann furchtbar sein.

(Link zur ganzen Wochenschau in der Story)

#bsw #wagenknecht #wochenschao #Russland #ukraine #nato #diplomatie",,,1000000,,,400000,450000,,,,0.45,,400,499,EUR,true,"[""Reach and impressions were collected from the same public Meta Ad Library ad row."",""Reach source path: reachEstimate"",""Impressions source path: impressionsWithIndex.impressionsText"",""Impressions are a public range, so the row remains a weak/range label.""]","{""audienceStatus"":""META_DISCLOSED"",""audiencePath"":""reachEstimate"",""impressionsStatus"":""META_DISCLOSED"",""impressionsPath"":""impressionsWithIndex.impressionsText"",""sourceUrl"":""https://www.facebook.com/ads/library/?active_status=all&ad_type=political_and_issue_ads&country=DE&search_type=keyword_unordered&media_type=all&q=partei""}",2026-08-10T12:35:35.604Z
public-meta-621547493950580-DE-2025-02-18-2025-02-24,PUBLIC_META_AD_LIBRARY,PUBLIC_META_DISCLOSED,WEAK_RANGE,621547493950580,621547493950580,,106516184465027,DieBasis,,,"[""FACEBOOK"",""INSTAGRAM""]",[],DE,EU_DE,PUBLIC_META_AD_LIBRARY_POLITICAL_AND_ISSUE_ADS,2025-02-18,2025-02-24,2025-02-18,2025-02-24,7,UNKNOWN,LEARN_MORE,diebasis-partei.de,https://diebasis-partei.de/bundestagswahl-2025/,{{product.brand}},{{product.name}},{{product.description}},1000000,,,400000,450000,,,,0.45,,5000,6000,EUR,true,"[""Reach and impressions were collected from the same public Meta Ad Library ad row."",""Reach source path: reachEstimate"",""Impressions source path: impressionsWithIndex.impressionsText"",""Impressions are a public range, so the row remains a weak/range label.""]","{""audienceStatus"":""META_DISCLOSED"",""audiencePath"":""reachEstimate"",""impressionsStatus"":""META_DISCLOSED"",""impressionsPath"":""impressionsWithIndex.impressionsText"",""sourceUrl"":""https://www.facebook.com/ads/library/?active_status=all&ad_type=political_and_issue_ads&country=DE&search_type=keyword_unordered&media_type=all&q=partei""}",2026-08-10T12:35:35.604Z
public-meta-1337547977384018-DE-2025-02-21-2025-02-23,PUBLIC_META_AD_LIBRARY,PUBLIC_META_DISCLOSED,WEAK_RANGE,1337547977384018,1337547977384018,,47217143218,BÜNDNIS 90/DIE GRÜNEN,,,"[""FACEBOOK"",""INSTAGRAM""]",[],DE,EU_DE,PUBLIC_META_AD_LIBRARY_POLITICAL_AND_ISSUE_ADS,2025-02-21,2025-02-23,2025-02-21,2025-02-23,3,IMAGE,LEARN_MORE,dabeisein.gruene.de,https://dabeisein.gruene.de/forms/wahlplan,{{product.brand}},{{product.name}},{{product.description}},1000000,,,400000,450000,,,,0.45,,1000,1500,EUR,true,"[""Reach and impressions were collected from the same public Meta Ad Library ad row."",""Reach source path: reachEstimate"",""Impressions source path: impressionsWithIndex.impressionsText"",""Impressions are a public range, so the row remains a weak/range label.""]","{""audienceStatus"":""META_DISCLOSED"",""audiencePath"":""reachEstimate"",""impressionsStatus"":""META_DISCLOSED"",""impressionsPath"":""impressionsWithIndex.impressionsText"",""sourceUrl"":""https://www.facebook.com/ads/library/?active_status=all&ad_type=political_and_issue_ads&country=DE&search_type=keyword_unordered&media_type=all&q=partei""}",2026-08-10T12:35:35.604Z
public-meta-1563199067883705-DE-2024-05-27-2024-06-09,PUBLIC_META_AD_LIBRARY,PUBLIC_META_DISCLOSED,WEAK_RANGE,1563199067883705,1563199067883705,,147245511963527,DGB,,,"[""INSTAGRAM""]",[],DE,EU_DE,PUBLIC_META_AD_LIBRARY_POLITICAL_AND_ISSUE_ADS,2024-05-27,2024-06-09,2024-05-27,2024-06-09,14,VIDEO,LEARN_MORE,dgb.de,http://www.dgb.de/jetzt,"Dass Rassist*innen Nazi-Lieder grölen, zeigt einmal mehr: Die Demokratie braucht dich! Lass uns zusammen auf die Straße gehen, um sie zu verteidigen! Finde hier Demos in deiner Nähe: dgb.de/jetzt
 
Und nicht vergessen: Am 9. Juni eine demokratische Partei wählen! #BesserMitEuropa #RechtsextremismusStoppen #ZusammenGegenRechts #DemokratieVerteidigen",,,1000000,,,400000,450000,,,,0.45,,800,899,EUR,true,"[""Reach and impressions were collected from the same public Meta Ad Library ad row."",""Reach source path: reachEstimate"",""Impressions source path: impressionsWithIndex.impressionsText"",""Impressions are a public range, so the row remains a weak/range label.""]","{""audienceStatus"":""META_DISCLOSED"",""audiencePath"":""reachEstimate"",""impressionsStatus"":""META_DISCLOSED"",""impressionsPath"":""impressionsWithIndex.impressionsText"",""sourceUrl"":""https://www.facebook.com/ads/library/?active_status=all&ad_type=political_and_issue_ads&country=DE&search_type=keyword_unordered&media_type=all&q=partei""}",2026-08-10T12:35:35.604Z
public-meta-1028634039096140-DE-2025-02-12-2025-02-23,PUBLIC_META_AD_LIBRARY,PUBLIC_META_DISCLOSED,WEAK_RANGE,1028634039096140,1028634039096140,,156304484388194,Die Linke Berlin,,,"[""FACEBOOK"",""INSTAGRAM""]",[],DE,EU_DE,PUBLIC_META_AD_LIBRARY_POLITICAL_AND_ISSUE_ADS,2025-02-12,2025-02-23,2025-02-12,2025-02-23,12,VIDEO,LEARN_MORE,dielinke.berlin,https://dielinke.berlin/,"Lebensmittel, Miete, Gas und Strom: Alles ist teurer geworden. Angeblich fehlt das Geld für gute Schulen, Krankenhäuser oder die Pflege. Aber statt das Geld bei den Multimillionären zu holen, wurde das Land von Union, SPD, Grünen und FDP in den vergangenen Jahrzehnten kaputtgespart. Du verdienst mehr als diese Parteien. Du verdienst ein gutes Leben, ein funktionierendes Land, Anerkennung für deine Arbeit und soziale Sicherheit! Deshalb wähle am 23. Februar: Die Linke!

Die Linke kämpft auch nach der Wahl für dich und mit dir.",Du verdienst mehr!,,1000000,,,400000,450000,,,,0.45,,800,899,EUR,true,"[""Reach and impressions were collected from the same public Meta Ad Library ad row."",""Reach source path: reachEstimate"",""Impressions source path: impressionsWithIndex.impressionsText"",""Impressions are a public range, so the row remains a weak/range label.""]","{""audienceStatus"":""META_DISCLOSED"",""audiencePath"":""reachEstimate"",""impressionsStatus"":""META_DISCLOSED"",""impressionsPath"":""impressionsWithIndex.impressionsText"",""sourceUrl"":""https://www.facebook.com/ads/library/?active_status=all&ad_type=political_and_issue_ads&country=DE&search_type=keyword_unordered&media_type=all&q=partei""}",2026-08-10T12:35:35.604Z
public-meta-1112958783374516-DE-2024-04-19-2024-05-02,PUBLIC_META_AD_LIBRARY,PUBLIC_META_DISCLOSED,WEAK_RANGE,1112958783374516,1112958783374516,,106516184465027,DieBasis,,,"[""FACEBOOK""]",[],DE,EU_DE,PUBLIC_META_AD_LIBRARY_POLITICAL_AND_ISSUE_ADS,2024-04-19,2024-05-02,2024-04-19,2024-05-02,14,IMAGE,WATCH_MORE,diebasis-partei.de,https://diebasis-partei.de/wahlen/europawahl-2024/,{{product.brand}},{{product.name}},{{product.description}},1000000,,,400000,450000,,,,0.45,,600,699,EUR,true,"[""Reach and impressions were collected from the same public Meta Ad Library ad row."",""Reach source path: reachEstimate"",""Impressions source path: impressionsWithIndex.impressionsText"",""Impressions are a public range, so the row remains a weak/range label.""]","{""audienceStatus"":""META_DISCLOSED"",""audiencePath"":""reachEstimate"",""impressionsStatus"":""META_DISCLOSED"",""impressionsPath"":""impressionsWithIndex.impressionsText"",""sourceUrl"":""https://www.facebook.com/ads/library/?active_status=all&ad_type=political_and_issue_ads&country=DE&search_type=keyword_unordered&media_type=all&q=partei""}",2026-08-10T12:35:35.605Z
public-meta-982211923608208-DE-2024-06-04-2024-06-09,PUBLIC_META_AD_LIBRARY,PUBLIC_META_DISCLOSED,WEAK_RANGE,982211923608208,982211923608208,,147245511963527,DGB,,,"[""INSTAGRAM""]",[],DE,EU_DE,PUBLIC_META_AD_LIBRARY_POLITICAL_AND_ISSUE_ADS,2024-06-04,2024-06-09,2024-06-04,2024-06-09,6,VIDEO,LEARN_MORE,dgb.de,https://www.dgb.de/gerechtigkeit/demokratie/termine-der-demos-gegen-rechts/,"Dass Rassist*innen Nazi-Lieder grölen, zeigt einmal mehr: Die Demokratie braucht dich! Geh mit uns am Samstag in Berlin auf die Straße: dgb.de/jetzt

Und nicht vergessen: Am 9. Juni eine demokratische Partei wählen! #BesserMitEuropa #RechtsextremismusStoppen #ZusammenGegenRechts #DemokratieVerteidigen",,,500000,1000000,,400000,450000,,,0.4,0.9,,1000,1500,EUR,true,"[""Reach and impressions were collected from the same public Meta Ad Library ad row."",""Reach source path: reachEstimate"",""Impressions source path: impressionsWithIndex.impressionsText"",""Impressions are a public range, so the row remains a weak/range label.""]","{""audienceStatus"":""META_DISCLOSED"",""audiencePath"":""reachEstimate"",""impressionsStatus"":""META_DISCLOSED"",""impressionsPath"":""impressionsWithIndex.impressionsText"",""sourceUrl"":""https://www.facebook.com/ads/library/?active_status=all&ad_type=political_and_issue_ads&country=DE&search_type=keyword_unordered&media_type=all&q=partei""}",2026-08-10T12:35:35.605Z
public-meta-340672607840489-DE-2021-09-21-2021-09-25,PUBLIC_META_AD_LIBRARY,PUBLIC_META_DISCLOSED,WEAK_RANGE,340672607840489,340672607840489,,134296905455337,Support Odin Janoske-Kizildag,,,"[""FACEBOOK""]",[],DE,EU_DE,PUBLIC_META_AD_LIBRARY_POLITICAL_AND_ISSUE_ADS,2021-09-21,2021-09-25,2021-09-21,2021-09-25,5,UNKNOWN,,,,,,,1000000,,,400000,450000,,,,0.45,,900,999,EUR,true,"[""Reach and impressions were collected from the same public Meta Ad Library ad row."",""Reach source path: reachEstimate"",""Impressions source path: impressionsWithIndex.impressionsText"",""Impressions are a public range, so the row remains a weak/range label.""]","{""audienceStatus"":""META_DISCLOSED"",""audiencePath"":""reachEstimate"",""impressionsStatus"":""META_DISCLOSED"",""impressionsPath"":""impressionsWithIndex.impressionsText"",""sourceUrl"":""https://www.facebook.com/ads/library/?active_status=all&ad_type=political_and_issue_ads&country=DE&search_type=keyword_unordered&media_type=all&q=partei""}",2026-08-10T12:35:35.605Z
public-meta-848902210412014-DE-2024-05-28-2024-06-06,PUBLIC_META_AD_LIBRARY,PUBLIC_META_DISCLOSED,WEAK_RANGE,848902210412014,848902210412014,,499613946840551,PdH I Partei der Humanisten,,,"[""FACEBOOK"",""INSTAGRAM""]",[],DE,EU_DE,PUBLIC_META_AD_LIBRARY_POLITICAL_AND_ISSUE_ADS,2024-05-28,2024-06-06,2024-05-28,2024-06-06,10,VIDEO,LEARN_MORE,pdh.eu,http://pdh.eu/eu242,"Die SPD geht mit einem Versprechen in den Wahlkampf: Frieden.

Warum das scheinheilig ist, beschreibt unser Bundesvorsitzender @lasseschaefer_pdh auf einer Rede am Münchner Marienplatz:

#ukraine #pdh #europa #putin #waffen #waffenfürdieukraine #krieg #NeuerPolitikstil",,,1000000,,,400000,450000,,,,0.45,,2000,2500,EUR,true,"[""Reach and impressions were collected from the same public Meta Ad Library ad row."",""Reach source path: reachEstimate"",""Impressions source path: impressionsWithIndex.impressionsText"",""Impressions are a public range, so the row remains a weak/range label.""]","{""audienceStatus"":""META_DISCLOSED"",""audiencePath"":""reachEstimate"",""impressionsStatus"":""META_DISCLOSED"",""impressionsPath"":""impressionsWithIndex.impressionsText"",""sourceUrl"":""https://www.facebook.com/ads/library/?active_status=all&ad_type=political_and_issue_ads&country=DE&search_type=keyword_unordered&media_type=all&q=partei""}",2026-08-10T12:35:35.605Z
public-meta-289929597516752-DE-2024-05-15-2024-06-09,PUBLIC_META_AD_LIBRARY,PUBLIC_META_DISCLOSED,WEAK_RANGE,289929597516752,289929597516752,,164629470060120,Bündnis Sahra Wagenknecht - Vernunft und Gerechtigkeit,,,"[""INSTAGRAM""]",[],DE,EU_DE,PUBLIC_META_AD_LIBRARY_POLITICAL_AND_ISSUE_ADS,2024-05-15,2024-06-09,2024-05-15,2024-06-09,26,IMAGE,LEARN_MORE,bsw-vg.eu,https://bsw-vg.eu/,"Wir stehen vor der dringenden Frage: Krieg oder Frieden?

Die Schrecken des Krieges machen sich weltweit bemerkbar, und auch Europa bleibt nicht verschont. Sicherheit wird allein in militärischer Aufrüstung gesucht, während die Stimmen für den Frieden erstickt und diplomatische Lösungen kaum noch erwogen werden.

Wir wollen Europa erneut zu dem Friedensprojekt machen, als das es einmal gedacht war.

🇪🇺 Wähle am 9. Juni BSW - Listenplatz 28 auf Deinem Stimmzettel!",,,1000000,,,400000,450000,,,,0.45,,1000,1500,EUR,true,"[""Reach and impressions were collected from the same public Meta Ad Library ad row."",""Reach source path: reachEstimate"",""Impressions source path: impressionsWithIndex.impressionsText"",""Impressions are a public range, so the row remains a weak/range label.""]","{""audienceStatus"":""META_DISCLOSED"",""audiencePath"":""reachEstimate"",""impressionsStatus"":""META_DISCLOSED"",""impressionsPath"":""impressionsWithIndex.impressionsText"",""sourceUrl"":""https://www.facebook.com/ads/library/?active_status=all&ad_type=political_and_issue_ads&country=DE&search_type=keyword_unordered&media_type=all&q=partei""}",2026-08-10T12:35:35.605Z
public-meta-243613650790237-DE-2021-04-07-2021-04-30,PUBLIC_META_AD_LIBRARY,PUBLIC_META_DISCLOSED,WEAK_RANGE,243613650790237,243613650790237,,261985647756704,AfD im EU-Parlament,,,"[""FACEBOOK"",""INSTAGRAM""]",[],DE,EU_DE,PUBLIC_META_AD_LIBRARY_POLITICAL_AND_ISSUE_ADS,2021-04-07,2021-04-30,2021-04-07,2021-04-30,24,IMAGE,,,,"+++ DANKE für 50.000 ""Gefällt mir""! Auch schon dabei? +++
 
Seit Juli 2019 informieren wir Sie via Social Media über unsere politische Arbeit in Brüssel und Straßburg. Neben den Reden und parlamentarischen Initiativen unserer Abgeordneten Prof. Dr. Jörg Meuthen, Dr. Maximilian Krah, Markus Buchheit, Guido Reil, Lars Patrick Berg, Bernhard Zimniok, Nicolaus Fest, Christine Anderson, Dr. Sylvia Limmer, Dr. Gunnar Beck und Joachim Kuhs gibt es allerlei Absurditäten rund um das EU-Parlament, die EU-Kommission und das Paralleluniversum Brüssel/Straßburg im Allgemeinen zu berichten.
 
Unsere Delegation wird auch weiterhin für Sie Verschwendung anprangern, Missstände öffentlich machen, sich den bisweilen haarsträubenden Ideen entgegenstemmen und - leider oftmals als einzige Partei - die Interessen Deutschlands vertreten.
 
Bleiben Sie uns gewogen!
 
➡ Folgen Sie bitte direkt auch unseren weiteren Kanälen:
 
Instagram: https://www.instagram.com/afdimeuparlament/
 
YouTube: https://www.youtube.com/channel/UCmzLzI-ROdjxWtBOuJTelug/about?sub_confirmation=1
 
Twitter: https://twitter.com/AfDimEUParl
 
Telegram: https://t.me/afdeu",,,1000000,,,400000,450000,,,,0.45,,500,599,EUR,true,"[""Reach and impressions were collected from the same public Meta Ad Library ad row."",""Reach source path: reachEstimate"",""Impressions source path: impressionsWithIndex.impressionsText"",""Impressions are a public range, so the row remains a weak/range label.""]","{""audienceStatus"":""META_DISCLOSED"",""audiencePath"":""reachEstimate"",""impressionsStatus"":""META_DISCLOSED"",""impressionsPath"":""impressionsWithIndex.impressionsText"",""sourceUrl"":""https://www.facebook.com/ads/library/?active_status=all&ad_type=political_and_issue_ads&country=DE&search_type=keyword_unordered&media_type=all&q=partei""}",2026-08-10T12:35:35.605Z
public-meta-536508565478065-DE-2025-02-14-2025-02-23,PUBLIC_META_AD_LIBRARY,PUBLIC_META_DISCLOSED,WEAK_RANGE,536508565478065,536508565478065,,537981019401623,Vorella.Deutschland,,,"[""FACEBOOK"",""INSTAGRAM""]",[],DE,EU_DE,PUBLIC_META_AD_LIBRARY_POLITICAL_AND_ISSUE_ADS,2025-02-14,2025-02-23,2025-02-14,2025-02-23,10,IMAGE,NO_BUTTON,vorella.de,http://vorella.de/,"🗳 Die vorgezogene Wahl bringt eine knappe Frist für die Briefwahl mit sich 🗳  

Schaue regelmäßig in deinen Briefkasten, setze deine Kreuze korrekt und schicke alles rechtzeitig ab❗ 

Die Zeit zwischen dem Erhalt der Unterlagen und der Wahl ist kürzer als sonst und deine Stimme ist von großem Wert – also sorge dafür, dass sie rechtzeitig ankommt. 

Am 23.2. gemeinsam vorwärts statt zurück.",Vorella.Deutschland,,1000000,,,400000,450000,,,,0.45,,1000,1500,EUR,true,"[""Reach and impressions were collected from the same public Meta Ad Library ad row."",""Reach source path: reachEstimate"",""Impressions source path: impressionsWithIndex.impressionsText"",""Impressions are a public range, so the row remains a weak/range label.""]","{""audienceStatus"":""META_DISCLOSED"",""audiencePath"":""reachEstimate"",""impressionsStatus"":""META_DISCLOSED"",""impressionsPath"":""impressionsWithIndex.impressionsText"",""sourceUrl"":""https://www.facebook.com/ads/library/?active_status=all&ad_type=political_and_issue_ads&country=DE&search_type=keyword_unordered&media_type=all&q=partei""}",2026-08-10T12:35:35.605Z
public-meta-871800101794077-DE-2024-11-14-2025-01-04,PUBLIC_META_AD_LIBRARY,PUBLIC_META_DISCLOSED,WEAK_RANGE,871800101794077,871800101794077,,21289227249,FDP,,,"[""FACEBOOK"",""INSTAGRAM""]",[],DE,EU_DE,PUBLIC_META_AD_LIBRARY_POLITICAL_AND_ISSUE_ADS,2024-11-14,2025-01-04,2024-11-14,2025-01-04,52,UNKNOWN,LEARN_MORE,mitgliedwerden.fdp.de,https://mitgliedwerden.fdp.de/?mtm_campaign=Mitgliedwerden&mtm_source=Meta&mtm_medium=Darkads&mtm_content=ReachMigration,{{product.brand}},{{product.name}},{{product.description}},1000000,,,400000,450000,,,,0.45,,600,699,EUR,true,"[""Reach and impressions were collected from the same public Meta Ad Library ad row."",""Reach source path: reachEstimate"",""Impressions source path: impressionsWithIndex.impressionsText"",""Impressions are a public range, so the row remains a weak/range label.""]","{""audienceStatus"":""META_DISCLOSED"",""audiencePath"":""reachEstimate"",""impressionsStatus"":""META_DISCLOSED"",""impressionsPath"":""impressionsWithIndex.impressionsText"",""sourceUrl"":""https://www.facebook.com/ads/library/?active_status=all&ad_type=political_and_issue_ads&country=DE&search_type=keyword_unordered&media_type=all&q=partei""}",2026-08-10T12:35:35.605Z
public-meta-545650321415515-DE-2024-11-14-2025-01-03,PUBLIC_META_AD_LIBRARY,PUBLIC_META_DISCLOSED,WEAK_RANGE,545650321415515,545650321415515,,21289227249,FDP,,,"[""FACEBOOK"",""INSTAGRAM""]",[],DE,EU_DE,PUBLIC_META_AD_LIBRARY_POLITICAL_AND_ISSUE_ADS,2024-11-14,2025-01-03,2024-11-14,2025-01-03,51,UNKNOWN,LEARN_MORE,mitgliedwerden.fdp.de,https://mitgliedwerden.fdp.de/?mtm_campaign=Mitgliedwerden&mtm_source=Meta&mtm_medium=Darkads&mtm_content=ReachDeutschlandV1,{{product.brand}},{{product.name}},{{product.description}},1000000,,,400000,450000,,,,0.45,,700,799,EUR,true,"[""Reach and impressions were collected from the same public Meta Ad Library ad row."",""Reach source path: reachEstimate"",""Impressions source path: impressionsWithIndex.impressionsText"",""Impressions are a public range, so the row remains a weak/range label.""]","{""audienceStatus"":""META_DISCLOSED"",""audiencePath"":""reachEstimate"",""impressionsStatus"":""META_DISCLOSED"",""impressionsPath"":""impressionsWithIndex.impressionsText"",""sourceUrl"":""https://www.facebook.com/ads/library/?active_status=all&ad_type=political_and_issue_ads&country=DE&search_type=keyword_unordered&media_type=all&q=partei""}",2026-08-10T12:35:35.605Z
public-meta-3713477812220742-DE-2024-06-07-2024-06-10,PUBLIC_META_AD_LIBRARY,PUBLIC_META_DISCLOSED,WEAK_RANGE,3713477812220742,3713477812220742,,82734241364,Campact e.V.,,,"[""FACEBOOK"",""INSTAGRAM""]",[],DE,EU_DE,PUBLIC_META_AD_LIBRARY_POLITICAL_AND_ISSUE_ADS,2024-06-07,2024-06-10,2024-06-07,2024-06-10,4,IMAGE,LEARN_MORE,campact.de,https://www.campact.de/europawahl/,{{product.brand}},{{product.name}},{{product.description}},100000,500000,,400000,450000,,,0.8,4.5,,1000,1500,EUR,true,"[""Reach and impressions were collected from the same public Meta Ad Library ad row."",""Reach source path: reachEstimate"",""Impressions source path: impressionsWithIndex.impressionsText"",""Impressions are a public range, so the row remains a weak/range label.""]","{""audienceStatus"":""META_DISCLOSED"",""audiencePath"":""reachEstimate"",""impressionsStatus"":""META_DISCLOSED"",""impressionsPath"":""impressionsWithIndex.impressionsText"",""sourceUrl"":""https://www.facebook.com/ads/library/?active_status=all&ad_type=political_and_issue_ads&country=DE&search_type=keyword_unordered&media_type=all&q=partei""}",2026-08-10T12:35:35.605Z
public-meta-960797855566955-DE-2025-01-13-2025-01-18,PUBLIC_META_AD_LIBRARY,PUBLIC_META_DISCLOSED,WEAK_RANGE,960797855566955,960797855566955,,206307219386683,Sahra Wagenknecht,,,"[""FACEBOOK"",""INSTAGRAM""]",[],DE,EU_DE,PUBLIC_META_AD_LIBRARY_POLITICAL_AND_ISSUE_ADS,2025-01-13,2025-01-18,2025-01-13,2025-01-18,6,VIDEO,INSTAGRAM_MESSAGE,instagram.com,https://www.instagram.com/,"Das BSW feiert Geburtstag! Nicht alles lief perfekt, aber wir haben in einem Jahr mehr erreicht als jede andere Partei vor uns. 🙏 Danke an alle, die uns begleitet haben – an der Wahlurne, auf der Straße, in den Diskussionen. Danke für eure Unterstützung, euren Einsatz und euer Vertrauen. Jetzt ziehen wir gemeinsam in den Bundestagswahlkampf, um einen echten Neuanfang für unser Land zu erreichen. Denn dafür sind wir gegründet worden.",,,1000000,,,400000,450000,,,,0.45,,500,599,EUR,true,"[""Reach and impressions were collected from the same public Meta Ad Library ad row."",""Reach source path: reachEstimate"",""Impressions source path: impressionsWithIndex.impressionsText"",""Impressions are a public range, so the row remains a weak/range label.""]","{""audienceStatus"":""META_DISCLOSED"",""audiencePath"":""reachEstimate"",""impressionsStatus"":""META_DISCLOSED"",""impressionsPath"":""impressionsWithIndex.impressionsText"",""sourceUrl"":""https://www.facebook.com/ads/library/?active_status=all&ad_type=political_and_issue_ads&country=DE&search_type=keyword_unordered&media_type=all&q=partei""}",2026-08-10T12:35:35.605Z
public-meta-370676137942971-DE-2021-08-25-2021-09-15,PUBLIC_META_AD_LIBRARY,PUBLIC_META_DISCLOSED,WEAK_RANGE,370676137942971,370676137942971,,120655374567,ÖDP - Die Naturschutzpartei,,,"[""FACEBOOK"",""INSTAGRAM""]",[],DE,EU_DE,PUBLIC_META_AD_LIBRARY_POLITICAL_AND_ISSUE_ADS,2021-08-25,2021-09-15,2021-08-25,2021-09-15,22,IMAGE,LEARN_MORE,oedp.de,https://www.oedp.de/startseite,"„Orange wählen heißt diesmal: grüner geht's nicht!"", so der ÖDP-Spitzenkandidat im Saarland, Claus Jacob. 

Die ÖDP steht für 
➨ mehr direkte Demokratie 
➨ gerechtere Familienpolitik 
➨ nachhaltigen Klima-, Umwelt-, Tier- und Artenschutz 
➨ ein gemeinwohlorientiertes Wirtschaften 
➨ strenge Regeln gegen Korruption

Entdecke jetzt unser gesamtes Wahlprogramm 👉 www.oedp.de",Entdecke jetzt unser Wahlprogramm 👉,"Die Oekologisch-Demokratische Partei (ÖDP Bundesverband) informiert Sie über aktuelle Nachrichten, das Parteiprogramm und lädt Sie zum Meinungsaustausch ein.",100000,500000,,400000,450000,,,0.8,4.5,,1000,1500,EUR,true,"[""Reach and impressions were collected from the same public Meta Ad Library ad row."",""Reach source path: reachEstimate"",""Impressions source path: impressionsWithIndex.impressionsText"",""Impressions are a public range, so the row remains a weak/range label.""]","{""audienceStatus"":""META_DISCLOSED"",""audiencePath"":""reachEstimate"",""impressionsStatus"":""META_DISCLOSED"",""impressionsPath"":""impressionsWithIndex.impressionsText"",""sourceUrl"":""https://www.facebook.com/ads/library/?active_status=all&ad_type=political_and_issue_ads&country=DE&search_type=keyword_unordered&media_type=all&q=partei""}",2026-08-10T12:35:35.605Z
public-meta-1359713874365589-DE-2021-03-11-2021-03-17,PUBLIC_META_AD_LIBRARY,PUBLIC_META_DISCLOSED,WEAK_RANGE,1359713874365589,1359713874365589,,123921283433,Fraktion DIE LINKE. im Bundestag,,,"[""FACEBOOK"",""INSTAGRAM""]",[],DE,EU_DE,PUBLIC_META_AD_LIBRARY_POLITICAL_AND_ISSUE_ADS,2021-03-11,2021-03-17,2021-03-11,2021-03-17,7,IMAGE,,spiegel.de,https://www.spiegel.de/politik/deutschland/linke-draengt-auf-schaerfere-regeln-bei-nebentaetigkeiten-a-5f2b5113-97b8-4b9d-a5c8-b7b7ebd4048a,"Den Gesetzentwurf der Linksfraktion, der vorsieht, bezahlte Nebentätigkeiten von Abgeordneten als Lobbyisten gesetzlich zu untersagen, haben CDU/CSU und SPD in der vergangenen Woche von der Tagesordnung des Bundestages gekegelt. ""Es ist ein Skandal im Skandal, dass die Regierungskoalition mit Verfahrenstricks die Abstimmung über einen Gesetzentwurf einer Oppositionsfraktion verzögert"", kritisiert Jan Korte und schlägt ein gemeinsamens Vorgehen der Fraktionen vor: ""Da wir wissen, dass die Union aus ideologischen Gründen auch noch so guten Anträgen der Linken nicht zustimmen kann, wären wir bereit, unseren Gesetzentwurf zugunsten eines interfraktionellen Gesetzentwurfs zum Verbot der bezahlten Lobbytätigkeit von Abgeordneten zurückzuziehen.""",Maskenaffäre bei der Union: Linke drängt auf schärfere Regeln bei Nebentätigkeiten,SPD und CDU blockierten einen Gesetzentwurf der Linken zur Verschärfung der Vorgaben für Nebentätigkeiten. Nun versucht es die Partei erneut. Von der SPD kommt derweil ein eigener Zehnpunkteplan.,1000000,,,400000,450000,,,,0.45,,500,599,EUR,true,"[""Reach and impressions were collected from the same public Meta Ad Library ad row."",""Reach source path: reachEstimate"",""Impressions source path: impressionsWithIndex.impressionsText"",""Impressions are a public range, so the row remains a weak/range label.""]","{""audienceStatus"":""META_DISCLOSED"",""audiencePath"":""reachEstimate"",""impressionsStatus"":""META_DISCLOSED"",""impressionsPath"":""impressionsWithIndex.impressionsText"",""sourceUrl"":""https://www.facebook.com/ads/library/?active_status=all&ad_type=political_and_issue_ads&country=DE&search_type=keyword_unordered&media_type=all&q=partei""}",2026-08-10T12:35:35.605Z
public-meta-735884419247694-DE-2025-08-28-2025-10-07,PUBLIC_META_AD_LIBRARY,PUBLIC_META_DISCLOSED,WEAK_RANGE,735884419247694,735884419247694,,108568039165729,PARTEI MENSCH UMWELT TIERSCHUTZ,,,"[""FACEBOOK"",""INSTAGRAM""]",[],DE,EU_DE,PUBLIC_META_AD_LIBRARY_POLITICAL_AND_ISSUE_ADS,2025-08-28,2025-10-07,2025-08-28,2025-10-07,41,IMAGE,LEARN_MORE,,,{{product.brand}},{{product.name}},{{product.description}},1000000,,,350000,400000,,,,0.4,,3000,3500,EUR,true,"[""Reach and impressions were collected from the same public Meta Ad Library ad row."",""Reach source path: reachEstimate"",""Impressions source path: impressionsWithIndex.impressionsText"",""Impressions are a public range, so the row remains a weak/range label.""]","{""audienceStatus"":""META_DISCLOSED"",""audiencePath"":""reachEstimate"",""impressionsStatus"":""META_DISCLOSED"",""impressionsPath"":""impressionsWithIndex.impressionsText"",""sourceUrl"":""https://www.facebook.com/ads/library/?active_status=all&ad_type=political_and_issue_ads&country=DE&search_type=keyword_unordered&media_type=all&q=partei""}",2026-08-10T12:35:35.605Z
public-meta-281858416865378-DE-2021-04-24-2021-06-05,PUBLIC_META_AD_LIBRARY,PUBLIC_META_DISCLOSED,WEAK_RANGE,281858416865378,281858416865378,,1668059520072610,Wir Bürger in  Baden Württemberg,,,"[""FACEBOOK"",""INSTAGRAM""]",[],DE,EU_DE,PUBLIC_META_AD_LIBRARY_POLITICAL_AND_ISSUE_ADS,2021-04-24,2021-06-05,2021-04-24,2021-06-05,43,IMAGE,LEARN_MORE,lkr-bw-bundestagswahl-2021.de,https://www.lkr-bw-bundestagswahl-2021.de/,"***********WIR BÜRGER MÜSSEN UNS EINMISCHEN!************
*****UNTERSTÜTZEN SIE DIE LKR MIT IHRER UNTERSCHRIFT****

Deutschland braucht für die Gestaltung der Zukunft eine neue konstruktive Partei.
Als Teil der bürgerlichen Opposition tritt die Partei  Liberal-Konservative Reformer (LKR) mit der Landesliste Baden-Württemberg zur Bundestagswahl 2021 an.
Als neue Partei benötigen wir hierfür 2000 s.g. Unterstützungs-unterschriften (UUs) für die Zulassung unserer Landesliste.
Daher bitten wir Sie um Unterstützung, das entsprechende Formblatt (UU) im persönlichen Teil auszufüllen, zu unterschreiben und im Original per Post an LKR Baden-Württemberg, Friedrich-List-Str. 9, 78234 Engen, zu senden.
Dies bedeutet für Sie keinerlei Festlegung oder Verpflichtung. 
Das Formblatt liegt auf unserer Webseite
https://www.lkr-bw-bundestagswahl-2021.de/  zum Ausdrucken bereit:     ""Unterstützer-Erklärung  LKR-BW""    die Vorderseite genügt. 
Ein Briefumschlag, frankiert mit 80 Cent, kann Ihr Formblatt und zwei weitere aufnehmen. 
Falls kein Drucker verfügbar, schicken wir Ihnen auch gerne Formblätter zu. Bitte diese über die E-Mail-Adresse   geschaeftsstelle@lkr-bw.de   anfordern. 
Sie unterstützen mit Ihrer Unterschrift einen guten demokratischen Zweck.
Herzlichen Dank dafür!
Weitere Infos über unsere Partei siehe auch Webseite 
                             https://bw.lkr.de .",,,1000000,,,400000,450000,,,,0.45,,400,499,EUR,true,"[""Reach and impressions were collected from the same public Meta Ad Library ad row."",""Reach source path: reachEstimate"",""Impressions source path: impressionsWithIndex.impressionsText"",""Impressions are a public range, so the row remains a weak/range label.""]","{""audienceStatus"":""META_DISCLOSED"",""audiencePath"":""reachEstimate"",""impressionsStatus"":""META_DISCLOSED"",""impressionsPath"":""impressionsWithIndex.impressionsText"",""sourceUrl"":""https://www.facebook.com/ads/library/?active_status=all&ad_type=political_and_issue_ads&country=DE&search_type=keyword_unordered&media_type=all&q=partei""}",2026-08-10T12:35:35.605Z
public-meta-974359774332237-DE-2024-05-28-2024-05-30,PUBLIC_META_AD_LIBRARY,PUBLIC_META_DISCLOSED,WEAK_RANGE,974359774332237,974359774332237,,134209407129787,Volt Deutschland,,,"[""INSTAGRAM""]",[],DE,EU_DE,PUBLIC_META_AD_LIBRARY_POLITICAL_AND_ISSUE_ADS,2024-05-28,2024-05-30,2024-05-28,2024-05-30,3,VIDEO,LEARN_MORE,volt-europawahl.de,https://www.volt-europawahl.de/,"Am 9. Juni ist Europawahl. Gib deine Stimme Volt: Für Klima, Demokratie & Europa. 💜",,,1000000,,,400000,450000,,,,0.45,,4000,4500,EUR,true,"[""Reach and impressions were collected from the same public Meta Ad Library ad row."",""Reach source path: reachEstimate"",""Impressions source path: impressionsWithIndex.impressionsText"",""Impressions are a public range, so the row remains a weak/range label.""]","{""audienceStatus"":""META_DISCLOSED"",""audiencePath"":""reachEstimate"",""impressionsStatus"":""META_DISCLOSED"",""impressionsPath"":""impressionsWithIndex.impressionsText"",""sourceUrl"":""https://www.facebook.com/ads/library/?active_status=all&ad_type=political_and_issue_ads&country=DE&search_type=keyword_unordered&media_type=all&q=partei""}",2026-08-10T12:35:35.605Z
public-meta-451020910830729-DE-2024-04-22-2024-06-10,PUBLIC_META_AD_LIBRARY,PUBLIC_META_DISCLOSED,WEAK_RANGE,451020910830729,451020910830729,,113444252101964,FDP Stuttgart,,,"[""FACEBOOK"",""INSTAGRAM""]",[],DE,EU_DE,PUBLIC_META_AD_LIBRARY_POLITICAL_AND_ISSUE_ADS,2024-04-22,2024-06-10,2024-04-22,2024-06-10,50,IMAGE,LEARN_MORE,fdp-stuttgart.de,https://www.fdp-stuttgart.de/wahlprogramm-2024/,{{product.brand}},{{product.name}},{{product.description}},100000,500000,,400000,450000,,,0.8,4.5,,800,899,EUR,true,"[""Reach and impressions were collected from the same public Meta Ad Library ad row."",""Reach source path: reachEstimate"",""Impressions source path: impressionsWithIndex.impressionsText"",""Impressions are a public range, so the row remains a weak/range label.""]","{""audienceStatus"":""META_DISCLOSED"",""audiencePath"":""reachEstimate"",""impressionsStatus"":""META_DISCLOSED"",""impressionsPath"":""impressionsWithIndex.impressionsText"",""sourceUrl"":""https://www.facebook.com/ads/library/?active_status=all&ad_type=political_and_issue_ads&country=DE&search_type=keyword_unordered&media_type=all&q=partei""}",2026-08-10T12:35:35.605Z
public-meta-945216234399038-DE-2025-02-09-2025-02-16,PUBLIC_META_AD_LIBRARY,PUBLIC_META_DISCLOSED,WEAK_RANGE,945216234399038,945216234399038,,21289227249,FDP,,,"[""FACEBOOK""]",[],DE,EU_DE,PUBLIC_META_AD_LIBRARY_POLITICAL_AND_ISSUE_ADS,2025-02-09,2025-02-16,2025-02-09,2025-02-16,8,VIDEO,NO_BUTTON,,,"Wir sind die politische Kraft, die am stärksten für Eigenverantwortung, die Liebe zur Freiheit, den Respekt vor dem Eigentum und das Leistungsprinzip stehen. Linke Protestgruppen sind unsere besten Wahlhelfer! #jetztFDP #BPT25",,,1000000,,,400000,450000,,,,0.45,,800,899,EUR,true,"[""Reach and impressions were collected from the same public Meta Ad Library ad row."",""Reach source path: reachEstimate"",""Impressions source path: impressionsWithIndex.impressionsText"",""Impressions are a public range, so the row remains a weak/range label.""]","{""audienceStatus"":""META_DISCLOSED"",""audiencePath"":""reachEstimate"",""impressionsStatus"":""META_DISCLOSED"",""impressionsPath"":""impressionsWithIndex.impressionsText"",""sourceUrl"":""https://www.facebook.com/ads/library/?active_status=all&ad_type=political_and_issue_ads&country=DE&search_type=keyword_unordered&media_type=all&q=partei""}",2026-08-10T12:35:35.605Z
public-meta-387982536374782-DE-2021-09-07-2021-09-15,PUBLIC_META_AD_LIBRARY,PUBLIC_META_DISCLOSED,WEAK_RANGE,387982536374782,387982536374782,,120655374567,ÖDP - Die Naturschutzpartei,,,"[""FACEBOOK"",""INSTAGRAM""]",[],DE,EU_DE,PUBLIC_META_AD_LIBRARY_POLITICAL_AND_ISSUE_ADS,2021-09-07,2021-09-15,2021-09-07,2021-09-15,9,VIDEO,LEARN_MORE,oedp.de,https://www.oedp.de/startseite,"""Eigentlich haben wir ja von allem genug“. Für eine Umkehr der Wirtschaftspolitik zur Gemeinwohlökonomie plädiert Prof. Dr. Claus Jacob, ÖDP-Direktkandidat im Saarland, hier im Video.",Entdecke jetzt unser Wahlprogramm 👉,,1000000,,,350000,400000,,,,0.4,,600,699,EUR,true,"[""Reach and impressions were collected from the same public Meta Ad Library ad row."",""Reach source path: reachEstimate"",""Impressions source path: impressionsWithIndex.impressionsText"",""Impressions are a public range, so the row remains a weak/range label.""]","{""audienceStatus"":""META_DISCLOSED"",""audiencePath"":""reachEstimate"",""impressionsStatus"":""META_DISCLOSED"",""impressionsPath"":""impressionsWithIndex.impressionsText"",""sourceUrl"":""https://www.facebook.com/ads/library/?active_status=all&ad_type=political_and_issue_ads&country=DE&search_type=keyword_unordered&media_type=all&q=partei""}",2026-08-10T12:35:35.605Z
public-meta-1344785136216378-DE-2024-05-01-2024-06-10,PUBLIC_META_AD_LIBRARY,PUBLIC_META_DISCLOSED,WEAK_RANGE,1344785136216378,1344785136216378,,106516184465027,DieBasis,,,"[""FACEBOOK"",""INSTAGRAM""]",[],DE,EU_DE,PUBLIC_META_AD_LIBRARY_POLITICAL_AND_ISSUE_ADS,2024-05-01,2024-06-10,2024-05-01,2024-06-10,41,VIDEO,WATCH_MORE,diebasis-partei.de,https://diebasis-partei.de/wahlen/europawahl-2024/kandidaten-zur-eu-wahl/,"🌍 Der überwiegende Teil der deutschen Bevölkerung lehnt Krieg ab. Dennoch haben Parlamente wiederholt Rüstungsbeschaffungen und Kriegseinsätze der Bundeswehr.

🤝Diese Entscheidungen werden oft durch transatlantische Netzwerke und die Rüstungslobby beeinflusst – Einflüsse, die niemand gewählt hat. Ich, Dirk Gintzel, trete an, um diesen undemokratischen und gefährlichen Einflüssen ein Ende zu setzen.

🗳️ Durch direkte Demokratie können wir sicherstellen, dass Entscheidungen über Krieg und Frieden wirklich in den Händen der Menschen liegen, wie es unser Grundgesetz vorsieht. 
Die Basisdemokratie ist der Schlüssel, um die Macht wieder an das Volk zurückzugeben – für alle politischen Fragen, insbesondere jedoch für Entscheidungen über Krieg und Frieden.

🕊️ Wir dürfen es nicht zulassen, dass andere über unser Schicksal bestimmen. Ich bin Dirk Gintzel, Ihr Kandidat für die Europawahlen. Setzen Sie sich für die Werte des Grundgesetzes ein, wählen Sie den Weg des Friedens, wählen Sie dieBasis.

👉 Klicken Sie auf „Mehr ansehen“, um mehr über unsere Pläne für ein friedvolles und demokratisches Europa zu erfahren!",Dirk Gintzel: Für Frieden und direkte Demokratie,,1000000,,,400000,450000,,,,0.45,,500,599,EUR,true,"[""Reach and impressions were collected from the same public Meta Ad Library ad row."",""Reach source path: reachEstimate"",""Impressions source path: impressionsWithIndex.impressionsText"",""Impressions are a public range, so the row remains a weak/range label.""]","{""audienceStatus"":""META_DISCLOSED"",""audiencePath"":""reachEstimate"",""impressionsStatus"":""META_DISCLOSED"",""impressionsPath"":""impressionsWithIndex.impressionsText"",""sourceUrl"":""https://www.facebook.com/ads/library/?active_status=all&ad_type=political_and_issue_ads&country=DE&search_type=keyword_unordered&media_type=all&q=partei""}",2026-08-10T12:35:35.605Z
public-meta-1418629609108320-DE-2025-02-19-2025-02-21,PUBLIC_META_AD_LIBRARY,PUBLIC_META_DISCLOSED,WEAK_RANGE,1418629609108320,1418629609108320,,47217143218,BÜNDNIS 90/DIE GRÜNEN,,,"[""FACEBOOK"",""INSTAGRAM""]",[],DE,EU_DE,PUBLIC_META_AD_LIBRARY_POLITICAL_AND_ISSUE_ADS,2025-02-19,2025-02-21,2025-02-19,2025-02-21,3,IMAGE,LEARN_MORE,dabeisein.gruene.de,https://dabeisein.gruene.de/forms/wahlplan,"Keine Stimme verschwenden, denn wir brauchen Aufbruch statt Rückschritt:

Wir investieren in Schulen, Kitas und die Bahn.
Wir schützen Klima und Natur
Wir machen das Leben bezahlbar.
Wir sichern Frieden in Freiheit.

Dafür braucht es Grün in der Regierung. Deshalb am Sonntag mit beiden Stimmen Grün wählen, und Nachbarn, Freunde, Eltern mitnehmen. 🌱",BÜNDNIS 90/DIE GRÜNEN,,500000,1000000,,350000,400000,,,0.35,0.8,,1500,2000,EUR,true,"[""Reach and impressions were collected from the same public Meta Ad Library ad row."",""Reach source path: reachEstimate"",""Impressions source path: impressionsWithIndex.impressionsText"",""Impressions are a public range, so the row remains a weak/range label.""]","{""audienceStatus"":""META_DISCLOSED"",""audiencePath"":""reachEstimate"",""impressionsStatus"":""META_DISCLOSED"",""impressionsPath"":""impressionsWithIndex.impressionsText"",""sourceUrl"":""https://www.facebook.com/ads/library/?active_status=all&ad_type=political_and_issue_ads&country=DE&search_type=keyword_unordered&media_type=all&q=partei""}",2026-08-10T12:35:35.605Z
public-meta-1816291865789607-DE-2025-02-20-2025-02-21,PUBLIC_META_AD_LIBRARY,PUBLIC_META_DISCLOSED,WEAK_RANGE,1816291865789607,1816291865789607,,47217143218,BÜNDNIS 90/DIE GRÜNEN,,,"[""FACEBOOK"",""INSTAGRAM""]",[],DE,EU_DE,PUBLIC_META_AD_LIBRARY_POLITICAL_AND_ISSUE_ADS,2025-02-20,2025-02-21,2025-02-20,2025-02-21,2,IMAGE,LEARN_MORE,dabeisein.gruene.de,https://dabeisein.gruene.de/forms/wahlplan,{{product.brand}},{{product.name}},,1000000,,,350000,400000,,,,0.4,,1000,1500,EUR,true,"[""Reach and impressions were collected from the same public Meta Ad Library ad row."",""Reach source path: reachEstimate"",""Impressions source path: impressionsWithIndex.impressionsText"",""Impressions are a public range, so the row remains a weak/range label.""]","{""audienceStatus"":""META_DISCLOSED"",""audiencePath"":""reachEstimate"",""impressionsStatus"":""META_DISCLOSED"",""impressionsPath"":""impressionsWithIndex.impressionsText"",""sourceUrl"":""https://www.facebook.com/ads/library/?active_status=all&ad_type=political_and_issue_ads&country=DE&search_type=keyword_unordered&media_type=all&q=partei""}",2026-08-10T12:35:35.605Z
public-meta-1421192918249317-DE-2021-07-15-2021-07-22,PUBLIC_META_AD_LIBRARY,PUBLIC_META_DISCLOSED,WEAK_RANGE,1421192918249317,1421192918249317,,154149027994068,ZDF,,,"[""FACEBOOK"",""INSTAGRAM""]",[],DE,EU_DE,PUBLIC_META_AD_LIBRARY_POLITICAL_AND_ISSUE_ADS,2021-07-15,2021-07-22,2021-07-15,2021-07-22,8,VIDEO,LEARN_MORE,zdf.de,https://www.zdf.de/dokumentation/am-puls-deutschlands,"14 Millionen Deutsche haben zur letzten Bundestagswahl nicht gewählt. Gehört Ihr auch dazu? Jochen Breyer will wissen, warum. Schreibt Eure Geschichte, eure Motive hier in die Kommentare oder per Mail an AmPulsDeutschlands@zdf.de.

#WarumIchNichtZurWahlGehe",Am Puls Deutschlands mit Jochen Breyer,Hier klicken!,1000000,,,400000,450000,,,,0.45,,1000,1500,EUR,true,"[""Reach and impressions were collected from the same public Meta Ad Library ad row."",""Reach source path: reachEstimate"",""Impressions source path: impressionsWithIndex.impressionsText"",""Impressions are a public range, so the row remains a weak/range label.""]","{""audienceStatus"":""META_DISCLOSED"",""audiencePath"":""reachEstimate"",""impressionsStatus"":""META_DISCLOSED"",""impressionsPath"":""impressionsWithIndex.impressionsText"",""sourceUrl"":""https://www.facebook.com/ads/library/?active_status=all&ad_type=political_and_issue_ads&country=DE&search_type=keyword_unordered&media_type=all&q=partei""}",2026-08-10T12:35:35.606Z
public-meta-1138341768086197-DE-2025-02-13-2025-02-26,PUBLIC_META_AD_LIBRARY,PUBLIC_META_DISCLOSED,WEAK_RANGE,1138341768086197,1138341768086197,,189184071108491,FDP Hamburg,,,"[""FACEBOOK"",""INSTAGRAM""]",[],DE,EU_DE,PUBLIC_META_AD_LIBRARY_POLITICAL_AND_ISSUE_ADS,2025-02-13,2025-02-26,2025-02-13,2025-02-26,14,UNKNOWN,LEARN_MORE,katarina-blume.de,https://www.katarina-blume.de/,{{product.brand}},{{product.name}},{{product.description}},100000,500000,,350000,400000,,,0.7,4,,900,999,EUR,true,"[""Reach and impressions were collected from the same public Meta Ad Library ad row."",""Reach source path: reachEstimate"",""Impressions source path: impressionsWithIndex.impressionsText"",""Impressions are a public range, so the row remains a weak/range label.""]","{""audienceStatus"":""META_DISCLOSED"",""audiencePath"":""reachEstimate"",""impressionsStatus"":""META_DISCLOSED"",""impressionsPath"":""impressionsWithIndex.impressionsText"",""sourceUrl"":""https://www.facebook.com/ads/library/?active_status=all&ad_type=political_and_issue_ads&country=DE&search_type=keyword_unordered&media_type=all&q=partei""}",2026-08-10T12:35:35.606Z
public-meta-2003053083504688-DE-2025-01-25-2025-02-17,PUBLIC_META_AD_LIBRARY,PUBLIC_META_DISCLOSED,WEAK_RANGE,2003053083504688,2003053083504688,,82734241364,Campact e.V.,,,"[""FACEBOOK""]",[],DE,EU_DE,PUBLIC_META_AD_LIBRARY_POLITICAL_AND_ISSUE_ADS,2025-01-25,2025-02-17,2025-01-25,2025-02-17,24,VIDEO,LEARN_MORE,campact.de,https://www.campact.de/bundestagswahl-2025/Merz-kein-kanzler-fuer-frauen/,"Wer schützt Frauen? 💪 Friedrich Merz wohl eher nicht. 
Er stimmte
❌ gegen uneingeschränkten Schutz vor Vergewaltigung in der Ehe.
❌ gegen das allgemeine Gleichbehandlungsgesetz.
Wie sicher können sich Frauen bei so einem Kanzlerkandidaten fühlen? 
➡  📹 Sieh dir das Video an und frage Dich selbst: Willst Du Merz wirklich als Kanzler?",Du hast die Wahl,Das Frauenbild von Friedrich Merz ist rückständiger als das seiner Partei – der CDU. In den letzten 30 Jahren hat der CDU-Kanzlerkandidat immer wieder gegen die Stärkung von Frauenrechten gestimmt.,1000000,,,350000,400000,,,,0.4,,1000,1500,EUR,true,"[""Reach and impressions were collected from the same public Meta Ad Library ad row."",""Reach source path: reachEstimate"",""Impressions source path: impressionsWithIndex.impressionsText"",""Impressions are a public range, so the row remains a weak/range label.""]","{""audienceStatus"":""META_DISCLOSED"",""audiencePath"":""reachEstimate"",""impressionsStatus"":""META_DISCLOSED"",""impressionsPath"":""impressionsWithIndex.impressionsText"",""sourceUrl"":""https://www.facebook.com/ads/library/?active_status=all&ad_type=political_and_issue_ads&country=DE&search_type=keyword_unordered&media_type=all&q=partei""}",2026-08-10T12:35:35.606Z
public-meta-1632490974046315-DE-2025-01-30-2025-02-01,PUBLIC_META_AD_LIBRARY,PUBLIC_META_DISCLOSED,WEAK_RANGE,1632490974046315,1632490974046315,,47217143218,BÜNDNIS 90/DIE GRÜNEN,,,"[""FACEBOOK"",""INSTAGRAM""]",[],DE,EU_DE,PUBLIC_META_AD_LIBRARY_POLITICAL_AND_ISSUE_ADS,2025-01-30,2025-02-01,2025-01-30,2025-02-01,3,VIDEO,LEARN_MORE,habeck2025.de,http://www.habeck2025.de/,"Politik ist kein Spiel. Die heutige Entscheidung von Friedrich Merz, gemeinsam mit der AfD zu stimmen, ist nicht nur politisch fatal. Sie erschüttert den Kern unserer Gesellschaft: Unseren Zusammenhalt. 
Wir stehen für die politische Kraft, die mit Verstand, Herz und Menschlichkeit die Herausforderungen angeht und unser Land gestaltet.",,,1000000,,,350000,400000,,,,0.4,,2500,3000,EUR,true,"[""Reach and impressions were collected from the same public Meta Ad Library ad row."",""Reach source path: reachEstimate"",""Impressions source path: impressionsWithIndex.impressionsText"",""Impressions are a public range, so the row remains a weak/range label.""]","{""audienceStatus"":""META_DISCLOSED"",""audiencePath"":""reachEstimate"",""impressionsStatus"":""META_DISCLOSED"",""impressionsPath"":""impressionsWithIndex.impressionsText"",""sourceUrl"":""https://www.facebook.com/ads/library/?active_status=all&ad_type=political_and_issue_ads&country=DE&search_type=keyword_unordered&media_type=all&q=partei""}",2026-08-10T12:35:35.606Z
public-meta-579815464706096-DE-2024-10-25-2024-11-06,PUBLIC_META_AD_LIBRARY,PUBLIC_META_DISCLOSED,WEAK_RANGE,579815464706096,579815464706096,,82734241364,Campact e.V.,,,"[""FACEBOOK"",""INSTAGRAM""]",[],DE,EU_DE,PUBLIC_META_AD_LIBRARY_POLITICAL_AND_ISSUE_ADS,2024-10-25,2024-11-06,2024-10-25,2024-11-06,13,IMAGE,LEARN_MORE,campact.de,https://www.campact.de/ueber-campact/20-jahre/,{{product.brand}},{{product.name}},{{product.description}},1000000,,,350000,400000,,,,0.4,,1000,1500,EUR,true,"[""Reach and impressions were collected from the same public Meta Ad Library ad row."",""Reach source path: reachEstimate"",""Impressions source path: impressionsWithIndex.impressionsText"",""Impressions are a public range, so the row remains a weak/range label.""]","{""audienceStatus"":""META_DISCLOSED"",""audiencePath"":""reachEstimate"",""impressionsStatus"":""META_DISCLOSED"",""impressionsPath"":""impressionsWithIndex.impressionsText"",""sourceUrl"":""https://www.facebook.com/ads/library/?active_status=all&ad_type=political_and_issue_ads&country=DE&search_type=keyword_unordered&media_type=all&q=partei""}",2026-08-10T12:35:35.606Z
public-meta-1133933738424818-DE-2025-01-30-2025-02-24,PUBLIC_META_AD_LIBRARY,PUBLIC_META_DISCLOSED,WEAK_RANGE,1133933738424818,1133933738424818,,164629470060120,Bündnis Sahra Wagenknecht - Vernunft und Gerechtigkeit,,,"[""FACEBOOK""]",[],DE,EU_DE,PUBLIC_META_AD_LIBRARY_POLITICAL_AND_ISSUE_ADS,2025-01-30,2025-02-24,2025-01-30,2025-02-24,26,VIDEO,LEARN_MORE,bsw-vg.de,https://bsw-vg.de/bundestagswahl2025/,"Zusehen, wie unser Land den Bach runtergeht? Das kommt für uns nicht in Frage.

Wir haben das BSW gegründet, damit ein Neustart endlich möglich wird. Dank einer Politik, die nicht nur an ihre Wahlergebnisse denkt, sondern Dich und Deine Bedürfnisse in den Mittelpunkt stellt:

➡️ Für Frieden durch Diplomatie.
➡️ Ein Comeback unserer Wirtschaft.
➡️ Für eine gerechte Leistungsgesellschaft mit guten Löhnen, bezahlbarem Wohnraum und einer würdevollen Rente.
➡️ Für sichere Straßen und echte Meinungsfreiheit.

Verschenke Deine Stimme nicht für ein ""Weiter so"" in Deutschland. Wähle am 23. Februar das BSW: Zweitstimme ist Sahra-Stimme!","Gegründet, damit...",ein Neustart endlich möglich wird,500000,1000000,,350000,400000,,,0.35,0.8,,1000,1500,EUR,true,"[""Reach and impressions were collected from the same public Meta Ad Library ad row."",""Reach source path: reachEstimate"",""Impressions source path: impressionsWithIndex.impressionsText"",""Impressions are a public range, so the row remains a weak/range label.""]","{""audienceStatus"":""META_DISCLOSED"",""audiencePath"":""reachEstimate"",""impressionsStatus"":""META_DISCLOSED"",""impressionsPath"":""impressionsWithIndex.impressionsText"",""sourceUrl"":""https://www.facebook.com/ads/library/?active_status=all&ad_type=political_and_issue_ads&country=DE&search_type=keyword_unordered&media_type=all&q=partei""}",2026-08-10T12:35:35.606Z
public-meta-608488955386606-DE-2025-02-21-2025-02-23,PUBLIC_META_AD_LIBRARY,PUBLIC_META_DISCLOSED,WEAK_RANGE,608488955386606,608488955386606,,47217143218,BÜNDNIS 90/DIE GRÜNEN,,,"[""FACEBOOK"",""INSTAGRAM""]",[],DE,EU_DE,PUBLIC_META_AD_LIBRARY_POLITICAL_AND_ISSUE_ADS,2025-02-21,2025-02-23,2025-02-21,2025-02-23,3,VIDEO,LEARN_MORE,habeck2025.de,http://www.habeck2025.de/,"Wir müssen Kompromisse wieder als Stärke begreifen. Politik bedeutet, Lösungen zu finden, nicht nur Probleme zu beklagen. Beides gehört zusammen: der Konflikt – aber auch der Konsens. Daran können wir alle mitarbeiten. Denn: Demokratie ist kein Zuschauersport. Für Veränderung ist deshalb eines wichtig: Wählen gehen!",Aufbruch statt Rückschritt - das geht nur mit Grün und mit Lösungen für die Menschen.,"Wir müssen Kompromisse wieder als Stärke begreifen. Politik bedeutet, Lösungen zu finden, nicht nur Probleme zu beklagen. Beides gehört zusammen: der Konflikt – aber auch der Konsens. Daran können wir alle mitarbeiten. Denn: Demokratie ist kein Zuschauersport. Für Veränderung ist deshalb eines wichtig: Wählen gehen!",1000000,,,350000,400000,,,,0.4,,3500,4000,EUR,true,"[""Reach and impressions were collected from the same public Meta Ad Library ad row."",""Reach source path: reachEstimate"",""Impressions source path: impressionsWithIndex.impressionsText"",""Impressions are a public range, so the row remains a weak/range label.""]","{""audienceStatus"":""META_DISCLOSED"",""audiencePath"":""reachEstimate"",""impressionsStatus"":""META_DISCLOSED"",""impressionsPath"":""impressionsWithIndex.impressionsText"",""sourceUrl"":""https://www.facebook.com/ads/library/?active_status=all&ad_type=political_and_issue_ads&country=DE&search_type=keyword_unordered&media_type=all&q=partei""}",2026-08-10T12:35:35.606Z
public-meta-1124422195187760-DE-2023-10-04-2023-10-07,PUBLIC_META_AD_LIBRARY,PUBLIC_META_DISCLOSED,WEAK_RANGE,1124422195187760,1124422195187760,,350558562311,FDP Bayern,,,"[""FACEBOOK"",""INSTAGRAM""]",[],DE,EU_DE,PUBLIC_META_AD_LIBRARY_POLITICAL_AND_ISSUE_ADS,2023-10-04,2023-10-07,2023-10-04,2023-10-07,4,UNKNOWN,LEARN_MORE,fdp-bayern.de,https://www.fdp-bayern.de/,{{product.brand}},{{product.name}},{{product.description}},1000000,,,350000,400000,,,,0.4,,1000,1500,EUR,true,"[""Reach and impressions were collected from the same public Meta Ad Library ad row."",""Reach source path: reachEstimate"",""Impressions source path: impressionsWithIndex.impressionsText"",""Impressions are a public range, so the row remains a weak/range label.""]","{""audienceStatus"":""META_DISCLOSED"",""audiencePath"":""reachEstimate"",""impressionsStatus"":""META_DISCLOSED"",""impressionsPath"":""impressionsWithIndex.impressionsText"",""sourceUrl"":""https://www.facebook.com/ads/library/?active_status=all&ad_type=political_and_issue_ads&country=DE&search_type=keyword_unordered&media_type=all&q=partei""}",2026-08-10T12:35:35.606Z
public-meta-928896062310817-DE-2024-05-01-2024-06-10,PUBLIC_META_AD_LIBRARY,PUBLIC_META_DISCLOSED,WEAK_RANGE,928896062310817,928896062310817,,106516184465027,DieBasis,,,"[""FACEBOOK"",""INSTAGRAM""]",[],DE,EU_DE,PUBLIC_META_AD_LIBRARY_POLITICAL_AND_ISSUE_ADS,2024-05-01,2024-06-10,2024-05-01,2024-06-10,41,UNKNOWN,WATCH_MORE,diebasis-partei.de,https://diebasis-partei.de/wahlen/europawahl-2024/kandidaten-zur-eu-wahl/,{{product.brand}},{{product.name}},{{product.description}},1000000,,,350000,400000,,,,0.4,,2500,3000,EUR,true,"[""Reach and impressions were collected from the same public Meta Ad Library ad row."",""Reach source path: reachEstimate"",""Impressions source path: impressionsWithIndex.impressionsText"",""Impressions are a public range, so the row remains a weak/range label.""]","{""audienceStatus"":""META_DISCLOSED"",""audiencePath"":""reachEstimate"",""impressionsStatus"":""META_DISCLOSED"",""impressionsPath"":""impressionsWithIndex.impressionsText"",""sourceUrl"":""https://www.facebook.com/ads/library/?active_status=all&ad_type=political_and_issue_ads&country=DE&search_type=keyword_unordered&media_type=all&q=partei""}",2026-08-10T12:35:35.606Z
public-meta-581258856207407-DE-2021-08-11-2021-09-08,PUBLIC_META_AD_LIBRARY,PUBLIC_META_DISCLOSED,WEAK_RANGE,581258856207407,581258856207407,,120655374567,ÖDP - Die Naturschutzpartei,,,"[""FACEBOOK"",""INSTAGRAM""]",[],DE,EU_DE,PUBLIC_META_AD_LIBRARY_POLITICAL_AND_ISSUE_ADS,2021-08-11,2021-09-08,2021-08-11,2021-09-08,29,IMAGE,LEARN_MORE,facebook.com,https://www.facebook.com/oedp.de,"Wer ein Leben lang gearbeitet hat, muss auch ohne Minijob genug zum Leben haben. Künftig sollen alle erst mit 68 oder gar 70 in Rente gehen dürfen? 

➡️ Die ÖDP fordert, die Finanzierung der sozialen Sicherung umzustellen: Weg von Sozialversicherungsbeiträgen, die alleine durch den Faktor Arbeit finanziert werden, hin zu einem umlagefinanzierten Steuersystem.",,,1000000,,,350000,400000,,,,0.4,,500,599,EUR,true,"[""Reach and impressions were collected from the same public Meta Ad Library ad row."",""Reach source path: reachEstimate"",""Impressions source path: impressionsWithIndex.impressionsText"",""Impressions are a public range, so the row remains a weak/range label.""]","{""audienceStatus"":""META_DISCLOSED"",""audiencePath"":""reachEstimate"",""impressionsStatus"":""META_DISCLOSED"",""impressionsPath"":""impressionsWithIndex.impressionsText"",""sourceUrl"":""https://www.facebook.com/ads/library/?active_status=all&ad_type=political_and_issue_ads&country=DE&search_type=keyword_unordered&media_type=all&q=partei""}",2026-08-10T12:35:35.606Z
public-meta-1480129005685580-DE-2021-08-12-2021-08-20,PUBLIC_META_AD_LIBRARY,PUBLIC_META_DISCLOSED,WEAK_RANGE,1480129005685580,1480129005685580,,540404695989874,AfD,,,"[""FACEBOOK"",""INSTAGRAM""]",[],DE,EU_DE,PUBLIC_META_AD_LIBRARY_POLITICAL_AND_ISSUE_ADS,2021-08-12,2021-08-20,2021-08-12,2021-08-20,9,VIDEO,LEARN_MORE,afd.de,http://www.afd.de/,"++ Jetzt im Video sehen: Perfekter Wahlkampf-Auftakt in Schwerin! ++ 

Mit einer fulminanten Auftakt-Veranstaltung in Schwerin startete die AfD am Dienstag in den Wahlkampf zur Bundestagswahl. Vor Hunderten Zuhörern und bei hervorragender Stimmung sprachen die Spitzenkandidaten Alice Weidel und Tino Chrupalla sowie Leif-Erik Holm (Spitzenkandidat für Mecklenburg-Vorpommern) und Nikolaus Kramer (Spitzenkandidat für die Landtagswahl). Sehen Sie hier im Video noch einmal die Höhepunkte und Kern-Botschaften dieses sehr gelungenen Auftakts!

Das Video gibt´s auch auf YouTube! Jetzt unseren Kanal abonnieren!
https://youtu.be/K3X9oONvwvU

Bitte unterstützen auch Sie unsere Arbeit mit einer Spende:
https://www.afd.de/spenden

Oder platzieren Sie ein AfD-Großplakat. Schon ab 108 €:
https://www.afd.de/plakatspendenshop

Kennen Sie schon unseren Telegram-Kanal? Sofort abonnieren! 💙
https://www.t.me/afdbrennpunkt",Jetzt im Video sehen: Perfekter Wahlkampf-Auftakt in Schwerin!,,1000000,,,350000,400000,,,,0.4,,2000,2500,EUR,true,"[""Reach and impressions were collected from the same public Meta Ad Library ad row."",""Reach source path: reachEstimate"",""Impressions source path: impressionsWithIndex.impressionsText"",""Impressions are a public range, so the row remains a weak/range label.""]","{""audienceStatus"":""META_DISCLOSED"",""audiencePath"":""reachEstimate"",""impressionsStatus"":""META_DISCLOSED"",""impressionsPath"":""impressionsWithIndex.impressionsText"",""sourceUrl"":""https://www.facebook.com/ads/library/?active_status=all&ad_type=political_and_issue_ads&country=DE&search_type=keyword_unordered&media_type=all&q=partei""}",2026-08-10T12:35:35.606Z
public-meta-1078379835899422-DE-2021-09-20-2021-09-22,PUBLIC_META_AD_LIBRARY,PUBLIC_META_DISCLOSED,WEAK_RANGE,1078379835899422,1078379835899422,,109478215738226,Armin Laschet,,,"[""FACEBOOK""]",[],DE,EU_DE,PUBLIC_META_AD_LIBRARY_POLITICAL_AND_ISSUE_ADS,2021-09-20,2021-09-22,2021-09-20,2021-09-22,3,IMAGE,,,,"Als Bundeskanzler will ich den Zusammenhalt von Stadt und Land im Blick haben und verbessern. Das betrifft Ost und West, aber auch die städtischen und ländlichen Regionen in den großen Ländern. Keine andere Partei widmet sich der Gleichwertigkeit der Lebensverhältnisse, wie die Union. Wir brauchen eine große Kraftanstrengung, eine verlässliche und kluge Politik. Deutschland ist nur stark, wenn wir stark in Stadt und Land, in Ost und West sind. Gemeinsam mit Reiner Haseloff, Michael Kretschmer und Barbara Klepsch habe ich daher unsere Agenda für ein gutes Leben in der Stadt und auf dem Land vorgestellt.

#Lebensbedingungen #Stadt #Land #Zusammenhalt #wegenmorgen #btw21",,,1000000,,,350000,400000,,,,0.4,,1000,1500,EUR,true,"[""Reach and impressions were collected from the same public Meta Ad Library ad row."",""Reach source path: reachEstimate"",""Impressions source path: impressionsWithIndex.impressionsText"",""Impressions are a public range, so the row remains a weak/range label.""]","{""audienceStatus"":""META_DISCLOSED"",""audiencePath"":""reachEstimate"",""impressionsStatus"":""META_DISCLOSED"",""impressionsPath"":""impressionsWithIndex.impressionsText"",""sourceUrl"":""https://www.facebook.com/ads/library/?active_status=all&ad_type=political_and_issue_ads&country=DE&search_type=keyword_unordered&media_type=all&q=partei""}",2026-08-10T12:35:35.606Z
public-meta-1673959030221175-DE-2025-02-10-2025-02-22,PUBLIC_META_AD_LIBRARY,PUBLIC_META_DISCLOSED,WEAK_RANGE,1673959030221175,1673959030221175,,164131966966839,FDP Schleswig-Holstein,,,"[""FACEBOOK"",""INSTAGRAM""]",[],DE,EU_DE,PUBLIC_META_AD_LIBRARY_POLITICAL_AND_ISSUE_ADS,2025-02-10,2025-02-22,2025-02-10,2025-02-22,13,VIDEO,WATCH_MORE,youtu.be,https://youtu.be/ScmUpEVB2ys,"Wolfgang Kubicki im Fokus Freiheit-Podcast: 

Es braucht die Freien Demokraten im Deutschen Bundestag, weil es eine Stimme braucht, die die Probleme mit Pragmatismus und Vernunft löst. ✅
Hört rein und findet heraus, was Wolfgang Kubicki dazu denkt! 
🎙️ Fokus Freiheit - Niquet & Rösch: Jetzt auf Spotify, Apple Podcasts oder YouTube anhören.
#fdp #fdpsh #jetztFDP #freiedemokraten #schleswigholstein #politik #partei #liberal #kandidaten #bundestagswahl25 #bundestagswahl2025 #bundestagswahlsh #kubicki #wolfgangkubicki #deutschland #podcast #fokusfreiheit #vernunft #pragmatismus",,,1000000,,,350000,400000,,,,0.4,,1000,1500,EUR,true,"[""Reach and impressions were collected from the same public Meta Ad Library ad row."",""Reach source path: reachEstimate"",""Impressions source path: impressionsWithIndex.impressionsText"",""Impressions are a public range, so the row remains a weak/range label.""]","{""audienceStatus"":""META_DISCLOSED"",""audiencePath"":""reachEstimate"",""impressionsStatus"":""META_DISCLOSED"",""impressionsPath"":""impressionsWithIndex.impressionsText"",""sourceUrl"":""https://www.facebook.com/ads/library/?active_status=all&ad_type=political_and_issue_ads&country=DE&search_type=keyword_unordered&media_type=all&q=partei""}",2026-08-10T12:35:35.606Z
public-meta-2954211688177927-DE-2021-09-20-2021-09-27,PUBLIC_META_AD_LIBRARY,PUBLIC_META_DISCLOSED,WEAK_RANGE,2954211688177927,2954211688177927,,120655374567,ÖDP - Die Naturschutzpartei,,,"[""FACEBOOK"",""INSTAGRAM""]",[],DE,EU_DE,PUBLIC_META_AD_LIBRARY_POLITICAL_AND_ISSUE_ADS,2021-09-20,2021-09-27,2021-09-20,2021-09-27,8,IMAGE,LEARN_MORE,oedp.de,https://www.oedp.de/startseite,"47 Parteien treten am 26. September zur Bundestagswahl an. Die meisten von ihnen werden an der 5%-Hürde scheitern, weshalb häufig von Wählern zu hören ist, an diese kleinen Parteien keine Stimme „verschenken“ zu wollen.",Jede Stimme für die ÖDP ist wirksam! 👉,"Die Oekologisch-Demokratische Partei (ÖDP Bundesverband) informiert Sie über aktuelle Nachrichten, das Parteiprogramm und lädt Sie zum Meinungsaustausch ein.",500000,1000000,,350000,400000,,,0.35,0.8,,1000,1500,EUR,true,"[""Reach and impressions were collected from the same public Meta Ad Library ad row."",""Reach source path: reachEstimate"",""Impressions source path: impressionsWithIndex.impressionsText"",""Impressions are a public range, so the row remains a weak/range label.""]","{""audienceStatus"":""META_DISCLOSED"",""audiencePath"":""reachEstimate"",""impressionsStatus"":""META_DISCLOSED"",""impressionsPath"":""impressionsWithIndex.impressionsText"",""sourceUrl"":""https://www.facebook.com/ads/library/?active_status=all&ad_type=political_and_issue_ads&country=DE&search_type=keyword_unordered&media_type=all&q=partei""}",2026-08-10T12:35:35.606Z
public-meta-261336672427899-DE-2021-05-11-2021-05-19,PUBLIC_META_AD_LIBRARY,PUBLIC_META_DISCLOSED,WEAK_RANGE,261336672427899,261336672427899,,123921283433,Fraktion DIE LINKE. im Bundestag,,,"[""FACEBOOK""]",[],DE,EU_DE,PUBLIC_META_AD_LIBRARY_POLITICAL_AND_ISSUE_ADS,2021-05-11,2021-05-19,2021-05-11,2021-05-19,9,VIDEO,,,,"Lesen gegen das Vergessen – Livestream am 10. Mai, ab 18 Uhr.
Wir wollen an Schriftstellerinnen und Schriftsteller erinnern, deren Bücher am 10. Mai 1933 in 22 deutschen Universitätsstädten – beginnend auf dem heutigen Bebelplatz in Berlin, wo diese Lesung für gewöhnlich stattfindet – öffentlich verbrannt wurden.
Das wollen wir nicht vergessen!",Lesen gegen das Vergessen,,1000000,,,350000,400000,,,,0.4,,500,599,EUR,true,"[""Reach and impressions were collected from the same public Meta Ad Library ad row."",""Reach source path: reachEstimate"",""Impressions source path: impressionsWithIndex.impressionsText"",""Impressions are a public range, so the row remains a weak/range label.""]","{""audienceStatus"":""META_DISCLOSED"",""audiencePath"":""reachEstimate"",""impressionsStatus"":""META_DISCLOSED"",""impressionsPath"":""impressionsWithIndex.impressionsText"",""sourceUrl"":""https://www.facebook.com/ads/library/?active_status=all&ad_type=political_and_issue_ads&country=DE&search_type=keyword_unordered&media_type=all&q=partei""}",2026-08-10T12:35:35.606Z
public-meta-979333717461170-DE-2025-02-19-2025-02-27,PUBLIC_META_AD_LIBRARY,PUBLIC_META_DISCLOSED,WEAK_RANGE,979333717461170,979333717461170,,102667815247083,Stiftung Forum Recht,,,"[""INSTAGRAM""]",[],DE,EU_DE,PUBLIC_META_AD_LIBRARY_POLITICAL_AND_ISSUE_ADS,2025-02-19,2025-02-27,2025-02-19,2025-02-27,9,VIDEO,,,,"🗳️❌ Die Bundestagswahl steht vor der Tür – auf Plakaten, im Fernsehen und im Radio werben die Parteien aktuell für ihre Wahlprogramme. Aber wusstet ihr, dass Parteien und auch ihre Bewerbung in besonderem Maße durch das Grundgesetz geschützt sind? Diese Rechte finden sich in Artikel 21 GG. Über das sogenannte Parteienprivileg wird immer mal wieder vor Gericht gestritten. So auch 2024 zum Wahlkampf zur Europawahl: Hier wollte die Partei DIE PARTEI mit einem expliziten Song von Ikkimel im Radio Wahlwerbung machen. Aber der Radiosender weigerte sich und das Ganze landete vor Gericht – wie die Sache ausgegangen ist, erklären wir euch im Reel.

⚖️🥳 #75JahreGrundgesetz: Wo haben unsere Grundrechte 2024, im Jubiläumsjahr unseres Grundgesetzes, vor den Gerichten eine Rolle gespielt? Wir haben recherchiert und schauen uns in zehn Reels Entscheidungen an, die uns im Alltag bewegen. Und nebenbei erfahrt ihr noch mehr über unsere Grundrechte. 

Quellen:
Verwaltungsgericht Frankfurt, Beschluss vom 15.05.2024 - 1_L_1559-24_F_LARE240000612, abgerufen von https://www.rv.hessenrecht.hessen.de/bshe/document/LARE240000612

Video: DiePartei auf TikTok

Produktion: @ideenturbine
Illustrationen: @anna.ihln

#Ikkimel #Europawahl #Wahlkampf #Jugendschutz #Radiowerbung #Grundgesetz #Rechtsprechung #LetsTalk #LetsTalkAboutRecht #StiftungForumRecht #Grundrechte",,,1000000,,,350000,400000,,,,0.4,,400,499,EUR,true,"[""Reach and impressions were collected from the same public Meta Ad Library ad row."",""Reach source path: reachEstimate"",""Impressions source path: impressionsWithIndex.impressionsText"",""Impressions are a public range, so the row remains a weak/range label.""]","{""audienceStatus"":""META_DISCLOSED"",""audiencePath"":""reachEstimate"",""impressionsStatus"":""META_DISCLOSED"",""impressionsPath"":""impressionsWithIndex.impressionsText"",""sourceUrl"":""https://www.facebook.com/ads/library/?active_status=all&ad_type=political_and_issue_ads&country=DE&search_type=keyword_unordered&media_type=all&q=partei""}",2026-08-10T12:35:35.606Z
public-meta-495427786935117-DE-2025-02-04-2025-02-07,PUBLIC_META_AD_LIBRARY,PUBLIC_META_DISCLOSED,WEAK_RANGE,495427786935117,495427786935117,,460370383826099,Robert Habeck,,,"[""FACEBOOK"",""INSTAGRAM""]",[],DE,EU_DE,PUBLIC_META_AD_LIBRARY_POLITICAL_AND_ISSUE_ADS,2025-02-04,2025-02-07,2025-02-04,2025-02-07,4,VIDEO,LEARN_MORE,habeck2025.de,http://www.habeck2025.de/,"Alles ist möglich in diesem Wahlkampf. Jetzt müssen die Menschen sich überlegen: Welche Prinzipien sollen in der Politik gelten? Wem können wir vertrauen? Wie anständig gehen wir miteinander um? Wer darauf eine eindeutige Antwort sucht, wer vielleicht eine neue politische Heimat sucht, die genau das bietet: Hier ist sie.",,,1000000,,,350000,400000,,,,0.4,,1500,2000,EUR,true,"[""Reach and impressions were collected from the same public Meta Ad Library ad row."",""Reach source path: reachEstimate"",""Impressions source path: impressionsWithIndex.impressionsText"",""Impressions are a public range, so the row remains a weak/range label.""]","{""audienceStatus"":""META_DISCLOSED"",""audiencePath"":""reachEstimate"",""impressionsStatus"":""META_DISCLOSED"",""impressionsPath"":""impressionsWithIndex.impressionsText"",""sourceUrl"":""https://www.facebook.com/ads/library/?active_status=all&ad_type=political_and_issue_ads&country=DE&search_type=keyword_unordered&media_type=all&q=partei""}",2026-08-10T12:35:35.606Z
public-meta-1548230635735874-DE-2024-06-07-2024-06-10,PUBLIC_META_AD_LIBRARY,PUBLIC_META_DISCLOSED,WEAK_RANGE,1548230635735874,1548230635735874,,47217143218,BÜNDNIS 90/DIE GRÜNEN,,,"[""INSTAGRAM""]",[],DE,EU_DE,PUBLIC_META_AD_LIBRARY_POLITICAL_AND_ISSUE_ADS,2024-06-07,2024-06-10,2024-06-07,2024-06-10,4,VIDEO,,,,"Stell dir mal vor, du wählst am Sonntag bei der Europawahl eine demokratische Partei, nur damit die danach dann gemeinsame Sache mit Rechtsextremen macht. 🤨🤯 Klingt nicht so cool, oder?

Kurz vor der Wahl hält sich die @cdu weiter die Tür zur ultrarechten und teils faschistischen EKR-Fraktion im Europaparlament offen. Der Zick-Zack-Kurs der Union macht also nicht beim Klimaschutz Halt. Wir fragen uns: Ist die Union nun eine Partei der Mitte oder lieber Bündnispartnerin von Extremist*innen? Und jetzt mal direkt gefragt, liebe CDU/CSU: Denkt ihr nicht, dass die Wählerinnen und Wähler verdient haben zu wissen, was sie bekommen, wenn sie euch wählen? 

In Zeiten, in denen der Rechtsruck europaweit immer stärker wird, braucht es klare Kante. Etwas, das CDU/CSU hier nach wie vor nicht im Stande sind, zu zeigen. Wir Grüne setzen diese klare Kante – gegen Rechtsextreme und Faschist*innen und für konsequenten Klimaschutz, soziale Gerechtigkeit und für Frieden und Freiheit in Europa. 

Deshalb gehen wir selbstverständlich auch morgen, am 8. Juni, wieder gemeinsam für unsere Demokratie auf die Straße. Und wer ein klares Zeichen zum Schutz unserer Demokratie setzen will, wählt am Sonntag BÜNDNIS 90/DIE GRÜNEN.🪧🗳️",,,100000,500000,,350000,400000,,,0.7,4,,2500,3000,EUR,true,"[""Reach and impressions were collected from the same public Meta Ad Library ad row."",""Reach source path: reachEstimate"",""Impressions source path: impressionsWithIndex.impressionsText"",""Impressions are a public range, so the row remains a weak/range label.""]","{""audienceStatus"":""META_DISCLOSED"",""audiencePath"":""reachEstimate"",""impressionsStatus"":""META_DISCLOSED"",""impressionsPath"":""impressionsWithIndex.impressionsText"",""sourceUrl"":""https://www.facebook.com/ads/library/?active_status=all&ad_type=political_and_issue_ads&country=DE&search_type=keyword_unordered&media_type=all&q=partei""}",2026-08-10T12:35:35.606Z
public-meta-596666731500570-DE-2021-09-14-2021-09-16,PUBLIC_META_AD_LIBRARY,PUBLIC_META_DISCLOSED,WEAK_RANGE,596666731500570,596666731500570,,78502295414,CDU,,,"[""FACEBOOK""]",[],DE,EU_DE,PUBLIC_META_AD_LIBRARY_POLITICAL_AND_ISSUE_ADS,2021-09-14,2021-09-16,2021-09-14,2021-09-16,3,VIDEO,,,,"Herzlich Willkommen zur #homesweetgermany - unsere Social Media Show zur Bundestagswahl. Zu Gast in der ersten Folge ist Wiebke Winter, die jüngste Direktkandidatin der CDU.",Home Sweet Germany #1,,1000000,,,350000,400000,,,,0.4,,2500,3000,EUR,true,"[""Reach and impressions were collected from the same public Meta Ad Library ad row."",""Reach source path: reachEstimate"",""Impressions source path: impressionsWithIndex.impressionsText"",""Impressions are a public range, so the row remains a weak/range label.""]","{""audienceStatus"":""META_DISCLOSED"",""audiencePath"":""reachEstimate"",""impressionsStatus"":""META_DISCLOSED"",""impressionsPath"":""impressionsWithIndex.impressionsText"",""sourceUrl"":""https://www.facebook.com/ads/library/?active_status=all&ad_type=political_and_issue_ads&country=DE&search_type=keyword_unordered&media_type=all&q=partei""}",2026-08-10T12:35:35.606Z
public-meta-1882394049233864-DE-2025-02-17-2025-02-24,PUBLIC_META_AD_LIBRARY,PUBLIC_META_DISCLOSED,WEAK_RANGE,1882394049233864,1882394049233864,,164629470060120,Bündnis Sahra Wagenknecht - Vernunft und Gerechtigkeit,,,"[""INSTAGRAM""]",[],DE,EU_DE,PUBLIC_META_AD_LIBRARY_POLITICAL_AND_ISSUE_ADS,2025-02-17,2025-02-24,2025-02-17,2025-02-24,8,VIDEO,LEARN_MORE,instagram.com,https://www.instagram.com/bsw.bund/,"Warum Deine Zweitstimme wichtig ist?

Ganz einfach: Die Zweitstimme ist der zentrale Schlüssel für den Einzug des BSW in den Bundestag!

👉 Ihr findet die Zweitstimme auf der rechten Seite des Wahlzettels. Zum Teil etwas weiter unten. Auf der linken Seite des Wahlzettels kannst Du mit deiner Erststimme einen Wahlkreis-Kandidaten wählen. Da wir als junge Partei noch nicht überall Direktkandidaten haben, findest Du das BSW dort häufig nicht.

Aber keine Sorge! Deine Zweitstimme (rechte Seite) entscheidet, wie stark wir im Bundestag vertreten sind – und die ist entscheidend! 

💡 Wichtig zu wissen:

✅ Du kannst auch nur Deine Zweitstimme abgeben. Ein Kreuz genügt – der Stimmzettel bleibt gültig.

🚫 Kein zusätzlicher Text oder mehr als 2 Kreuze – sonst wird deine Stimme ungültig.

💪 Verschenke Deine Stimme nicht! Überzeuge Freunde, Nachbarn, Familie und Kollegen, auch ihre Stimme nicht für ein Weiter-so zu verschenken.

Zweitstimme ist Sahra-Stimme - für Frieden, Vernunft und Gerechtigkeit.

 

 

#BTW2025 #Bundestagswahl2025 #BSW #UnserLandVerdientMehr",,,1000000,,,350000,400000,,,,0.4,,700,799,EUR,true,"[""Reach and impressions were collected from the same public Meta Ad Library ad row."",""Reach source path: reachEstimate"",""Impressions source path: impressionsWithIndex.impressionsText"",""Impressions are a public range, so the row remains a weak/range label.""]","{""audienceStatus"":""META_DISCLOSED"",""audiencePath"":""reachEstimate"",""impressionsStatus"":""META_DISCLOSED"",""impressionsPath"":""impressionsWithIndex.impressionsText"",""sourceUrl"":""https://www.facebook.com/ads/library/?active_status=all&ad_type=political_and_issue_ads&country=DE&search_type=keyword_unordered&media_type=all&q=partei""}",2026-08-10T12:35:35.606Z
public-meta-390056542581924-DE-2021-09-17-2021-09-22,PUBLIC_META_AD_LIBRARY,PUBLIC_META_DISCLOSED,WEAK_RANGE,390056542581924,390056542581924,,113319324330513,Politcheck,,,"[""FACEBOOK""]",[],DE,EU_DE,PUBLIC_META_AD_LIBRARY_POLITICAL_AND_ISSUE_ADS,2021-09-17,2021-09-22,2021-09-17,2021-09-22,6,VIDEO,LEARN_MORE,politcheck.de,http://www.politcheck.de/,"🌫️VERBRENNUNGSMOTOREN IM POLITCHECK 🌫️

Kaum ein Thema wird momentan politisch so kontrovers diskutiert wie das Verbot von Autos mit Diesel- oder Benzinantrieb. In vielen deutschen Städten wie Berlin, Bonn, Darmstadt, Essen, Frankfurt, Hamburg, Köln oder Mainz existieren bereits Fahrverbotszonen, in denen Autos mit Diesel-Antrieb nicht mehr fahren dürfen. Die Berliner Verkehrssenatorin Regine Günther von den Grünen hatte zuletzt sogar erklärt, ihre Partei wolle bis 2030 Berlins Innenstadt innerhalb des S-Bahnrings komplett für Benzin- und Dieselautos sperren lassen. In einem zweiten Schritt würde das Verbot von Verbrennungsmotoren auf die ganze Stadt ausgeweitet werden.

Die Pläne der EU-Kommission treffen die deutsche Politik durchaus hart. Denn die meisten Menschen in Deutschland lehnen eine zeitliche Begrenzung zur Zulassung von Benzin- und Dieselautos ab, auch weil sich viele die noch vergleichsweise teuren E-Autos nicht leisten können.  Vor allem aber sind nationale Alleingänge bei Verboten, wie sie die Grünen fordern, dadurch quasi sinnlos. Klüger wäre es, sich zusammen mit den Autobauern um einen Ausbau der Ladeinfrastruktur für E-Autos zu bemühen und zu versuchen, ein Wegbrechen von mehreren hunderttausend Jobs im wichtigsten Wirtschaftssektor Deutschlands zu vermeiden. Weitere politische Eingriffe und Verbote könnten diesen Trend dagegen noch weiter befeuern. Letztendlich wird man sehen müssen, die Menschen auf dem Land und sozial schwächere Familien nicht zu stark auszugrenzen und Autofahren zu einem Luxusgut verkommen zu lassen, dass sich nur Besserverdiener leisten können.

Was denkt ihr dazu? 
#bundestagswahl2021#btw21",,,1000000,,,350000,400000,,,,0.4,,1000,1500,EUR,true,"[""Reach and impressions were collected from the same public Meta Ad Library ad row."",""Reach source path: reachEstimate"",""Impressions source path: impressionsWithIndex.impressionsText"",""Impressions are a public range, so the row remains a weak/range label.""]","{""audienceStatus"":""META_DISCLOSED"",""audiencePath"":""reachEstimate"",""impressionsStatus"":""META_DISCLOSED"",""impressionsPath"":""impressionsWithIndex.impressionsText"",""sourceUrl"":""https://www.facebook.com/ads/library/?active_status=all&ad_type=political_and_issue_ads&country=DE&search_type=keyword_unordered&media_type=all&q=partei""}",2026-08-10T12:35:35.606Z
public-meta-659613656725720-DE-2025-02-21-2025-02-24,PUBLIC_META_AD_LIBRARY,PUBLIC_META_DISCLOSED,WEAK_RANGE,659613656725720,659613656725720,,147245511963527,DGB,,,"[""INSTAGRAM""]",[],DE,EU_DE,PUBLIC_META_AD_LIBRARY_POLITICAL_AND_ISSUE_ADS,2025-02-21,2025-02-24,2025-02-21,2025-02-24,4,IMAGE,,,,"Deine wichtigste To Do für Sonntag:
✅ Demokratische Partei wählen.
✅ 3 Menschen überzeugen, wählen zu gehen.
✅ Diesen Post liken.",,,1000000,,,350000,400000,,,,0.4,,1000,1500,EUR,true,"[""Reach and impressions were collected from the same public Meta Ad Library ad row."",""Reach source path: reachEstimate"",""Impressions source path: impressionsWithIndex.impressionsText"",""Impressions are a public range, so the row remains a weak/range label.""]","{""audienceStatus"":""META_DISCLOSED"",""audiencePath"":""reachEstimate"",""impressionsStatus"":""META_DISCLOSED"",""impressionsPath"":""impressionsWithIndex.impressionsText"",""sourceUrl"":""https://www.facebook.com/ads/library/?active_status=all&ad_type=political_and_issue_ads&country=DE&search_type=keyword_unordered&media_type=all&q=partei""}",2026-08-10T12:35:35.606Z
public-meta-961196276112731-DE-2025-02-13-2025-02-23,PUBLIC_META_AD_LIBRARY,PUBLIC_META_DISCLOSED,WEAK_RANGE,961196276112731,961196276112731,,206307219386683,Sahra Wagenknecht,,,"[""FACEBOOK""]",[],DE,EU_DE,PUBLIC_META_AD_LIBRARY_POLITICAL_AND_ISSUE_ADS,2025-02-13,2025-02-23,2025-02-13,2025-02-23,11,VIDEO,LEARN_MORE,bsw-vorurteile.de,https://www.bsw-vorurteile.de/,"Link zur Webseite in den Kommentaren ! 😌 

Schicke dieses Video an ALLE Freunde, die noch Zweifel haben 🧐🙌

Ist das BSW wirklich eine Kreml-Partei? Ist Sahra Wagenknecht eine Rassistin? Wollen wir mit der AfD koalieren? Sicher sind Dir solche Meinungen schon begegnet, denn wir haben viele Gegner, die Lügen über uns verbreiten.

Wir empfehlen: Glaube nicht alles, was über das BSW und über Sahra Wagenknecht erzählt wird. 

#vorurteile #wahlkampf #website #bsw #sahrawagenknecht",,,1000000,,,350000,400000,,,,0.4,,400,499,EUR,true,"[""Reach and impressions were collected from the same public Meta Ad Library ad row."",""Reach source path: reachEstimate"",""Impressions source path: impressionsWithIndex.impressionsText"",""Impressions are a public range, so the row remains a weak/range label.""]","{""audienceStatus"":""META_DISCLOSED"",""audiencePath"":""reachEstimate"",""impressionsStatus"":""META_DISCLOSED"",""impressionsPath"":""impressionsWithIndex.impressionsText"",""sourceUrl"":""https://www.facebook.com/ads/library/?active_status=all&ad_type=political_and_issue_ads&country=DE&search_type=keyword_unordered&media_type=all&q=partei""}",2026-08-10T12:35:35.607Z
public-meta-914197314227351-DE-2025-01-25-2025-02-14,PUBLIC_META_AD_LIBRARY,PUBLIC_META_DISCLOSED,WEAK_RANGE,914197314227351,914197314227351,,82734241364,Campact e.V.,,,"[""FACEBOOK""]",[],DE,EU_DE,PUBLIC_META_AD_LIBRARY_POLITICAL_AND_ISSUE_ADS,2025-01-25,2025-02-14,2025-01-25,2025-02-14,21,VIDEO,LEARN_MORE,campact.de,https://www.campact.de/bundestagswahl-2025/Merz-kein-kanzler-fuer-frauen/,"Wer schützt Frauen? 💪 Friedrich Merz wohl eher nicht. 
Er stimmte
❌ gegen uneingeschränkten Schutz vor Vergewaltigung in der Ehe.
❌ gegen das allgemeine Gleichbehandlungsgesetz.
Wie sicher können sich Frauen bei so einem Kanzlerkandidaten fühlen? 
➡  📹 Sieh dir das Video an und frage Dich selbst: Willst Du Merz wirklich als Kanzler?",Du hast die Wahl,Das Frauenbild von Friedrich Merz ist rückständiger als das seiner Partei – der CDU. In den letzten 30 Jahren hat der CDU-Kanzlerkandidat immer wieder gegen die Stärkung von Frauenrechten gestimmt.,100000,500000,,350000,400000,,,0.7,4,,1000,1500,EUR,true,"[""Reach and impressions were collected from the same public Meta Ad Library ad row."",""Reach source path: reachEstimate"",""Impressions source path: impressionsWithIndex.impressionsText"",""Impressions are a public range, so the row remains a weak/range label.""]","{""audienceStatus"":""META_DISCLOSED"",""audiencePath"":""reachEstimate"",""impressionsStatus"":""META_DISCLOSED"",""impressionsPath"":""impressionsWithIndex.impressionsText"",""sourceUrl"":""https://www.facebook.com/ads/library/?active_status=all&ad_type=political_and_issue_ads&country=DE&search_type=keyword_unordered&media_type=all&q=partei""}",2026-08-10T12:35:35.607Z
public-meta-673395347817992-DE-2022-12-22-2023-01-17,PUBLIC_META_AD_LIBRARY,PUBLIC_META_DISCLOSED,WEAK_RANGE,673395347817992,673395347817992,,103558289679671,Bündnis 90/Die Grünen Berlin,,,"[""FACEBOOK""]",[],DE,EU_DE,PUBLIC_META_AD_LIBRARY_POLITICAL_AND_ISSUE_ADS,2022-12-22,2023-01-17,2022-12-22,2023-01-17,27,IMAGE,LEARN_MORE,gruene.berlin,https://gruene.berlin/zeit-fuer-gruen,"🚃 Ganz Berlin mitnehmen. #ZeitFürGrün

Nur wenn sich Fußgänger*innen und Radfahrer*innen sicher bewegen können und Busse und Bahnen günstig, zuverlässig und eng getaktet fahren, entscheiden sich Menschen für klimafreundliche #Mobilität. 

Klar ist, dass wir Grüne – wie keine andere Partei – für mehr #Fahrradstraßen stehen. Klar ist auch, dass wir uns für sichere #Fußwege einsetzen und den Straßenraum gerecht verteilen. 

➡️ Wir wollen, dass alle sicher und bequem durch die Stadt kommen. 
➡️ Wir werden den #ÖPNV ausbauen, um mehr Menschen zu überzeugen, das Auto stehen zu lassen und auf öffentliche Verkehrsmittel umzusteigen. 
➡️Wir fokussieren uns daher ganz bewusst auf die langfristige Anbindung der #Außenbezirke und ihrer Menschen. 

👉🏽 Deshalb sagen wir: 
„Ganz Berlin mitnehmen. Zeit für Grün“ 💚",,,500000,1000000,,350000,400000,,,0.35,0.8,,600,699,EUR,true,"[""Reach and impressions were collected from the same public Meta Ad Library ad row."",""Reach source path: reachEstimate"",""Impressions source path: impressionsWithIndex.impressionsText"",""Impressions are a public range, so the row remains a weak/range label.""]","{""audienceStatus"":""META_DISCLOSED"",""audiencePath"":""reachEstimate"",""impressionsStatus"":""META_DISCLOSED"",""impressionsPath"":""impressionsWithIndex.impressionsText"",""sourceUrl"":""https://www.facebook.com/ads/library/?active_status=all&ad_type=political_and_issue_ads&country=DE&search_type=keyword_unordered&media_type=all&q=partei""}",2026-08-10T12:35:35.607Z
public-meta-3967362940211328-DE-2025-02-15-2025-02-22,PUBLIC_META_AD_LIBRARY,PUBLIC_META_DISCLOSED,WEAK_RANGE,3967362940211328,3967362940211328,,143504445664134,Christian Lindner,,,"[""FACEBOOK"",""INSTAGRAM""]",[],DE,EU_DE,PUBLIC_META_AD_LIBRARY_POLITICAL_AND_ISSUE_ADS,2025-02-15,2025-02-22,2025-02-15,2025-02-22,8,IMAGE,,,,"Am 23.2. FDP wählen! 💪

#jetztFDP",,,1000000,,,350000,400000,,,,0.4,,500,599,EUR,true,"[""Reach and impressions were collected from the same public Meta Ad Library ad row."",""Reach source path: reachEstimate"",""Impressions source path: impressionsWithIndex.impressionsText"",""Impressions are a public range, so the row remains a weak/range label.""]","{""audienceStatus"":""META_DISCLOSED"",""audiencePath"":""reachEstimate"",""impressionsStatus"":""META_DISCLOSED"",""impressionsPath"":""impressionsWithIndex.impressionsText"",""sourceUrl"":""https://www.facebook.com/ads/library/?active_status=all&ad_type=political_and_issue_ads&country=DE&search_type=keyword_unordered&media_type=all&q=partei""}",2026-08-10T12:35:35.607Z
public-meta-621524365898138-DE-2021-09-02-2021-09-20,PUBLIC_META_AD_LIBRARY,PUBLIC_META_DISCLOSED,WEAK_RANGE,621524365898138,621524365898138,,120655374567,ÖDP - Die Naturschutzpartei,,,"[""FACEBOOK"",""INSTAGRAM""]",[],DE,EU_DE,PUBLIC_META_AD_LIBRARY_POLITICAL_AND_ISSUE_ADS,2021-09-02,2021-09-20,2021-09-02,2021-09-20,19,VIDEO,LEARN_MORE,oedp.de,https://www.oedp.de/startseite,"""Es geht für mich um die Zukunft der Menschheit!"" - Unsere Bundestagskandidatin Verena Föttinger, Dipl.-Theologin und selbst vielfache Mutter und Großmutter, erklärt, warum sie sich schon so lange in der ÖDP engagiert, durch welche Katastrophe sie unsere Partei entdeckt hat und warum sie dazu aufruft, bei der Bundestagswahl ÖDP zu wählen.",Entdecke jetzt unser Wahlprogramm 👉,,1000000,,,350000,400000,,,,0.4,,1500,2000,EUR,true,"[""Reach and impressions were collected from the same public Meta Ad Library ad row."",""Reach source path: reachEstimate"",""Impressions source path: impressionsWithIndex.impressionsText"",""Impressions are a public range, so the row remains a weak/range label.""]","{""audienceStatus"":""META_DISCLOSED"",""audiencePath"":""reachEstimate"",""impressionsStatus"":""META_DISCLOSED"",""impressionsPath"":""impressionsWithIndex.impressionsText"",""sourceUrl"":""https://www.facebook.com/ads/library/?active_status=all&ad_type=political_and_issue_ads&country=DE&search_type=keyword_unordered&media_type=all&q=partei""}",2026-08-10T12:35:35.607Z
public-meta-528609088535680-DE-2021-03-04-2021-03-10,PUBLIC_META_AD_LIBRARY,PUBLIC_META_DISCLOSED,WEAK_RANGE,528609088535680,528609088535680,,123921283433,Fraktion DIE LINKE. im Bundestag,,,"[""FACEBOOK""]",[],DE,EU_DE,PUBLIC_META_AD_LIBRARY_POLITICAL_AND_ISSUE_ADS,2021-03-04,2021-03-10,2021-03-04,2021-03-10,7,VIDEO,,,,"„Wir werden uns nicht damit abfinden, dass der Bundestag erst im Nachgang informiert wird“, sagt Dietmar Bartsch zu den anstehenden Bund-Länder-Beratungen. „Dieses Verfahren ist weiterhin inakzeptabel. Es muss es so sein, dass die Kanzlerin zunächst im Bundestag ihr Konzept vorstellt, und anschließend kann sie mit den Ministerpräsidenten über alles konferieren.“ Der Fraktionsvorsitzende forderte zudem Perspektiven für das Leben und die Wirtschaft: „Dort, wo es genehmigte, schlüssige Hygienekonzepte gibt und alle Zahlen stimmen, sollte auch mit der gebotenen Vorsicht geöffnet werden.“","Perspektiven für das Leben, die Wirtschaft, Schulen",,1000000,,,350000,400000,,,,0.4,,500,599,EUR,true,"[""Reach and impressions were collected from the same public Meta Ad Library ad row."",""Reach source path: reachEstimate"",""Impressions source path: impressionsWithIndex.impressionsText"",""Impressions are a public range, so the row remains a weak/range label.""]","{""audienceStatus"":""META_DISCLOSED"",""audiencePath"":""reachEstimate"",""impressionsStatus"":""META_DISCLOSED"",""impressionsPath"":""impressionsWithIndex.impressionsText"",""sourceUrl"":""https://www.facebook.com/ads/library/?active_status=all&ad_type=political_and_issue_ads&country=DE&search_type=keyword_unordered&media_type=all&q=partei""}",2026-08-10T12:35:35.607Z
public-meta-1526573084881388-DE-2024-05-28-2024-05-31,PUBLIC_META_AD_LIBRARY,PUBLIC_META_DISCLOSED,WEAK_RANGE,1526573084881388,1526573084881388,,134209407129787,Volt Deutschland,,,"[""INSTAGRAM""]",[],DE,EU_DE,PUBLIC_META_AD_LIBRARY_POLITICAL_AND_ISSUE_ADS,2024-05-28,2024-05-31,2024-05-28,2024-05-31,4,UNKNOWN,LEARN_MORE,volt-europawahl.de,https://volt-europawahl.de/,{{product.brand}},,,1000000,,,350000,400000,,,,0.4,,4000,4500,EUR,true,"[""Reach and impressions were collected from the same public Meta Ad Library ad row."",""Reach source path: reachEstimate"",""Impressions source path: impressionsWithIndex.impressionsText"",""Impressions are a public range, so the row remains a weak/range label.""]","{""audienceStatus"":""META_DISCLOSED"",""audiencePath"":""reachEstimate"",""impressionsStatus"":""META_DISCLOSED"",""impressionsPath"":""impressionsWithIndex.impressionsText"",""sourceUrl"":""https://www.facebook.com/ads/library/?active_status=all&ad_type=political_and_issue_ads&country=DE&search_type=keyword_unordered&media_type=all&q=partei""}",2026-08-10T12:35:35.607Z
public-meta-3100596290098993-DE-2025-01-23-2025-02-24,PUBLIC_META_AD_LIBRARY,PUBLIC_META_DISCLOSED,WEAK_RANGE,3100596290098993,3100596290098993,,106516184465027,DieBasis,,,"[""FACEBOOK"",""INSTAGRAM""]",[],DE,EU_DE,PUBLIC_META_AD_LIBRARY_POLITICAL_AND_ISSUE_ADS,2025-01-23,2025-02-24,2025-01-23,2025-02-24,33,IMAGE,LEARN_MORE,diebasis-partei.de,https://diebasis-partei.de/wahlprogramm-2025,{{product.brand}},{{product.name}},{{product.description}},1000000,,,350000,400000,,,,0.4,,1500,2000,EUR,true,"[""Reach and impressions were collected from the same public Meta Ad Library ad row."",""Reach source path: reachEstimate"",""Impressions source path: impressionsWithIndex.impressionsText"",""Impressions are a public range, so the row remains a weak/range label.""]","{""audienceStatus"":""META_DISCLOSED"",""audiencePath"":""reachEstimate"",""impressionsStatus"":""META_DISCLOSED"",""impressionsPath"":""impressionsWithIndex.impressionsText"",""sourceUrl"":""https://www.facebook.com/ads/library/?active_status=all&ad_type=political_and_issue_ads&country=DE&search_type=keyword_unordered&media_type=all&q=partei""}",2026-08-10T12:35:35.607Z
public-meta-1527351951963533-DE-2025-09-03-2025-09-14,PUBLIC_META_AD_LIBRARY,PUBLIC_META_DISCLOSED,WEAK_RANGE,1527351951963533,1527351951963533,,561953460655717,Social Media Ads,,,"[""FACEBOOK"",""INSTAGRAM""]",[],DE,EU_DE,PUBLIC_META_AD_LIBRARY_POLITICAL_AND_ISSUE_ADS,2025-09-03,2025-09-14,2025-09-03,2025-09-14,12,IMAGE,LEARN_MORE,xn--whlefamilie-l8a.de,https://www.xn--whlefamilie-l8a.de/,"Familien stärken bedeutet den Sozialstaat zu sichern. Am 14.09. FAMILIE wählen!

Finanziert von Familien-Partei",Social Media Ads,,100000,500000,,350000,400000,,,0.7,4,,700,799,EUR,true,"[""Reach and impressions were collected from the same public Meta Ad Library ad row."",""Reach source path: reachEstimate"",""Impressions source path: impressionsWithIndex.impressionsText"",""Impressions are a public range, so the row remains a weak/range label.""]","{""audienceStatus"":""META_DISCLOSED"",""audiencePath"":""reachEstimate"",""impressionsStatus"":""META_DISCLOSED"",""impressionsPath"":""impressionsWithIndex.impressionsText"",""sourceUrl"":""https://www.facebook.com/ads/library/?active_status=all&ad_type=political_and_issue_ads&country=DE&search_type=keyword_unordered&media_type=all&q=partei""}",2026-08-10T12:35:35.607Z
public-meta-2977689875837259-DE-2021-04-07-2021-04-14,PUBLIC_META_AD_LIBRARY,PUBLIC_META_DISCLOSED,WEAK_RANGE,2977689875837259,2977689875837259,,123921283433,Fraktion DIE LINKE. im Bundestag,,,"[""FACEBOOK""]",[],DE,EU_DE,PUBLIC_META_AD_LIBRARY_POLITICAL_AND_ISSUE_ADS,2021-04-07,2021-04-14,2021-04-07,2021-04-14,8,VIDEO,,,,"Dietmar Bartsch: ""Deutschland kann sich kein Steuersystem aus dem vergangenen Jahrhundert leisten. Unsere Gesellschaft braucht Fairness statt Ellenbogen. Deshalb: Große Steuerreform! Laut Institut der deutschen Wirtschaft entlastet DIE LINKE bei der Einkommensteuer wie keine andere Partei kleinere und mittlere Einkommen.""",Für eine faire Reform der Einkommensteuer,,1000000,,,350000,400000,,,,0.4,,500,599,EUR,true,"[""Reach and impressions were collected from the same public Meta Ad Library ad row."",""Reach source path: reachEstimate"",""Impressions source path: impressionsWithIndex.impressionsText"",""Impressions are a public range, so the row remains a weak/range label.""]","{""audienceStatus"":""META_DISCLOSED"",""audiencePath"":""reachEstimate"",""impressionsStatus"":""META_DISCLOSED"",""impressionsPath"":""impressionsWithIndex.impressionsText"",""sourceUrl"":""https://www.facebook.com/ads/library/?active_status=all&ad_type=political_and_issue_ads&country=DE&search_type=keyword_unordered&media_type=all&q=partei""}",2026-08-10T12:35:35.607Z
public-meta-1505065320186077-DE-2025-01-25-2025-02-14,PUBLIC_META_AD_LIBRARY,PUBLIC_META_DISCLOSED,WEAK_RANGE,1505065320186077,1505065320186077,,82734241364,Campact e.V.,,,"[""FACEBOOK""]",[],DE,EU_DE,PUBLIC_META_AD_LIBRARY_POLITICAL_AND_ISSUE_ADS,2025-01-25,2025-02-14,2025-01-25,2025-02-14,21,VIDEO,LEARN_MORE,campact.de,https://www.campact.de/bundestagswahl-2025/Merz-kein-kanzler-fuer-frauen/,"Wer schützt Frauen? 💪 Friedrich Merz wohl eher nicht. 
Er stimmte
❌ gegen uneingeschränkten Schutz vor Vergewaltigung in der Ehe.
❌ gegen das allgemeine Gleichbehandlungsgesetz.
Wie sicher können sich Frauen bei so einem Kanzlerkandidaten fühlen? 
➡  📹 Sieh dir das Video an und frage Dich selbst: Willst Du Merz wirklich als Kanzler?",Du hast die Wahl,Das Frauenbild von Friedrich Merz ist rückständiger als das seiner Partei – der CDU. In den letzten 30 Jahren hat der CDU-Kanzlerkandidat immer wieder gegen die Stärkung von Frauenrechten gestimmt.,100000,500000,,350000,400000,,,0.7,4,,1000,1500,EUR,true,"[""Reach and impressions were collected from the same public Meta Ad Library ad row."",""Reach source path: reachEstimate"",""Impressions source path: impressionsWithIndex.impressionsText"",""Impressions are a public range, so the row remains a weak/range label.""]","{""audienceStatus"":""META_DISCLOSED"",""audiencePath"":""reachEstimate"",""impressionsStatus"":""META_DISCLOSED"",""impressionsPath"":""impressionsWithIndex.impressionsText"",""sourceUrl"":""https://www.facebook.com/ads/library/?active_status=all&ad_type=political_and_issue_ads&country=DE&search_type=keyword_unordered&media_type=all&q=partei""}",2026-08-10T12:35:35.607Z
public-meta-398449773292519-DE-2025-01-03-2025-01-08,PUBLIC_META_AD_LIBRARY,PUBLIC_META_DISCLOSED,WEAK_RANGE,398449773292519,398449773292519,,21289227249,FDP,,,"[""FACEBOOK"",""INSTAGRAM""]",[],DE,EU_DE,PUBLIC_META_AD_LIBRARY_POLITICAL_AND_ISSUE_ADS,2025-01-03,2025-01-08,2025-01-03,2025-01-08,6,UNKNOWN,LEARN_MORE,mitgliedwerden.fdp.de,https://mitgliedwerden.fdp.de/?mtm_campaign=Mitgliedwerden&mtm_source=Meta&mtm_medium=Darkads&mtm_content=ReachFreiheit,{{product.brand}},{{product.name}},{{product.description}},1000000,,,350000,400000,,,,0.4,,500,599,EUR,true,"[""Reach and impressions were collected from the same public Meta Ad Library ad row."",""Reach source path: reachEstimate"",""Impressions source path: impressionsWithIndex.impressionsText"",""Impressions are a public range, so the row remains a weak/range label.""]","{""audienceStatus"":""META_DISCLOSED"",""audiencePath"":""reachEstimate"",""impressionsStatus"":""META_DISCLOSED"",""impressionsPath"":""impressionsWithIndex.impressionsText"",""sourceUrl"":""https://www.facebook.com/ads/library/?active_status=all&ad_type=political_and_issue_ads&country=DE&search_type=keyword_unordered&media_type=all&q=partei""}",2026-08-10T12:35:35.607Z
public-meta-1409587676575993-DE-2025-02-11-2025-02-26,PUBLIC_META_AD_LIBRARY,PUBLIC_META_DISCLOSED,WEAK_RANGE,1409587676575993,1409587676575993,,189184071108491,FDP Hamburg,,,"[""FACEBOOK"",""INSTAGRAM""]",[],DE,EU_DE,PUBLIC_META_AD_LIBRARY_POLITICAL_AND_ISSUE_ADS,2025-02-11,2025-02-26,2025-02-11,2025-02-26,16,IMAGE,LEARN_MORE,katarina-blume.de,https://www.katarina-blume.de/,"Sicherheit, die nachts nicht schläft. Am 2. März 2025 wählt Hamburg.",[Katarina Blume],"Echt - Ehrlich - Engagiert Am 2. März 2025 wählt Hamburg. Als Spitzenkandidatin der Freien Demokraten stehe ich für ein weltoffenes, lebenswertes, sicheres und mobiles Hamburg der Zukunft. Weiterlesen",100000,500000,,350000,400000,,,0.7,4,,800,899,EUR,true,"[""Reach and impressions were collected from the same public Meta Ad Library ad row."",""Reach source path: reachEstimate"",""Impressions source path: impressionsWithIndex.impressionsText"",""Impressions are a public range, so the row remains a weak/range label.""]","{""audienceStatus"":""META_DISCLOSED"",""audiencePath"":""reachEstimate"",""impressionsStatus"":""META_DISCLOSED"",""impressionsPath"":""impressionsWithIndex.impressionsText"",""sourceUrl"":""https://www.facebook.com/ads/library/?active_status=all&ad_type=political_and_issue_ads&country=DE&search_type=keyword_unordered&media_type=all&q=partei""}",2026-08-10T12:35:35.607Z
public-meta-1825864664898967-DE-2025-02-11-2025-02-24,PUBLIC_META_AD_LIBRARY,PUBLIC_META_DISCLOSED,WEAK_RANGE,1825864664898967,1825864664898967,,110976485656573,Junge Liberale JuLis,,,"[""FACEBOOK"",""INSTAGRAM""]",[],DE,EU_DE,PUBLIC_META_AD_LIBRARY_POLITICAL_AND_ISSUE_ADS,2025-02-11,2025-02-24,2025-02-11,2025-02-24,14,IMAGE,SUBSCRIBE,julis.de,https://julis.de/gude-freiheit/,"Ohne FDP gibt es nur eine einzige Reform: Die Aufweichung der Schuldenbremse! 💸

🚀 First Things First.: Wer eine starke Wirtschaft, eine sichere Rente und eine geordnete Migration will, braucht eine mutige Partei, die echte Reformen durchsetzt: Die FDP! Wir stehen für wirtschaftliche Freiheit, Generationengerechtigkeit und eine Politik, die Zukunft gestaltet, statt Probleme auszusitzen.

Die Wachstumswende ist wählbar – und sie beginnt mit Dir. Am 23. Februar zählt jede Stimme. Lass Dich nicht klein machen. Kämpfe mit uns für eine starke, freie Zukunft!

📅 23. Februar 2025
Deine Stimme für die FDP. Für Wachstum. Für die Wende. 💪 

#Wachstumswende #TeamFreiheit #Bundestagswahl2025 #Migration #Aktienrente #FDP #jetztFDP","Gude, Freiheit!","Am 23. Februar wird der Bundestag neu gewählt. Damit entscheidet sich auch, in welche Richtung sich unser Land entwickelt. Wenn Du Bock auf ein freiheitliches Deutschland hast, bist Du bei uns genau richtig.",1000000,,,350000,400000,,,,0.4,,500,599,EUR,true,"[""Reach and impressions were collected from the same public Meta Ad Library ad row."",""Reach source path: reachEstimate"",""Impressions source path: impressionsWithIndex.impressionsText"",""Impressions are a public range, so the row remains a weak/range label.""]","{""audienceStatus"":""META_DISCLOSED"",""audiencePath"":""reachEstimate"",""impressionsStatus"":""META_DISCLOSED"",""impressionsPath"":""impressionsWithIndex.impressionsText"",""sourceUrl"":""https://www.facebook.com/ads/library/?active_status=all&ad_type=political_and_issue_ads&country=DE&search_type=keyword_unordered&media_type=all&q=partei""}",2026-08-10T12:35:35.607Z
public-meta-2863939493720122-DE-2020-04-18-2020-04-26,PUBLIC_META_AD_LIBRARY,PUBLIC_META_DISCLOSED,WEAK_RANGE,2863939493720122,2863939493720122,,155330287422,Silberjunge.de - Wir wollen Augen öffnen - Thorsten Schulte,,,"[""FACEBOOK""]",[],DE,EU_DE,PUBLIC_META_AD_LIBRARY_POLITICAL_AND_ISSUE_ADS,2020-04-18,2020-04-26,2020-04-18,2020-04-26,9,VIDEO,LEARN_MORE,silberjunge.de,http://www.silberjunge.de/,"www.fremdbestimmt.com
Alle Links zum Video in der Infobox: https://youtu.be/zH1sIyhT23o
Corona-Lüge? Explosive Studie & totales Versagen des RKI! Fragen an Merkel & Spahn & Co.! Viele Fernsehbeweise und Fakten, die die Verantwortungslosigkeit der Bundesregierung einschließlich ihrer eigenen Bundesbehörde namens Robert-Koch-Institut vor Augen führen.

Lasst uns gemeinsam Augen öffnen. Denn es geht um unsere Gegenwart und Zukunft, um unser Leben, unsere Freiheit und um unseren Wohlstand.",0:34 / 22:52                  Corona-Lüge? Explosive Studie & totales Versagen des RKI! Fragen an Merkel & Spahn & Co.,,1000000,,,350000,400000,,,,0.4,,1000,1500,EUR,true,"[""Reach and impressions were collected from the same public Meta Ad Library ad row."",""Reach source path: reachEstimate"",""Impressions source path: impressionsWithIndex.impressionsText"",""Impressions are a public range, so the row remains a weak/range label.""]","{""audienceStatus"":""META_DISCLOSED"",""audiencePath"":""reachEstimate"",""impressionsStatus"":""META_DISCLOSED"",""impressionsPath"":""impressionsWithIndex.impressionsText"",""sourceUrl"":""https://www.facebook.com/ads/library/?active_status=all&ad_type=political_and_issue_ads&country=DE&search_type=keyword_unordered&media_type=all&q=partei""}",2026-08-10T12:35:35.607Z
public-meta-1006175887740553-DE-2024-05-24-2024-05-29,PUBLIC_META_AD_LIBRARY,PUBLIC_META_DISCLOSED,WEAK_RANGE,1006175887740553,1006175887740553,,353378298097249,BIG Partei Deutschland,,,"[""FACEBOOK"",""INSTAGRAM""]",[],DE,EU_DE,PUBLIC_META_AD_LIBRARY_POLITICAL_AND_ISSUE_ADS,2024-05-24,2024-05-29,2024-05-24,2024-05-29,6,UNKNOWN,LEARN_MORE,big-deutschland.de,http://big-deutschland.de/,{{product.brand}},{{product.name}},{{product.description}},1000000,,,350000,400000,,,,0.4,,300,399,EUR,true,"[""Reach and impressions were collected from the same public Meta Ad Library ad row."",""Reach source path: reachEstimate"",""Impressions source path: impressionsWithIndex.impressionsText"",""Impressions are a public range, so the row remains a weak/range label.""]","{""audienceStatus"":""META_DISCLOSED"",""audiencePath"":""reachEstimate"",""impressionsStatus"":""META_DISCLOSED"",""impressionsPath"":""impressionsWithIndex.impressionsText"",""sourceUrl"":""https://www.facebook.com/ads/library/?active_status=all&ad_type=political_and_issue_ads&country=DE&search_type=keyword_unordered&media_type=all&q=partei""}",2026-08-10T12:35:35.607Z
public-meta-589175827156805-DE-2025-01-25-2025-02-05,PUBLIC_META_AD_LIBRARY,PUBLIC_META_DISCLOSED,WEAK_RANGE,589175827156805,589175827156805,,108568039165729,PARTEI MENSCH UMWELT TIERSCHUTZ,,,"[""FACEBOOK"",""INSTAGRAM""]",[],DE,EU_DE,PUBLIC_META_AD_LIBRARY_POLITICAL_AND_ISSUE_ADS,2025-01-25,2025-02-05,2025-01-25,2025-02-05,12,IMAGE,,,,"Tiere sind keine Sachen, sondern fühlende Individuen! Viele von ihnen leiden, von Politik und Gesellschaft großteils ignoriert. 
Tiere können nicht für sich selbst sprechen, sondern brauchen deinen Einsatz für ihren Schutz und ihre Rechte. Gib den Stimmlosen deine Stimme und wähle Mitgefühl!",,,1000000,,,350000,400000,,,,0.4,,1000,1500,EUR,true,"[""Reach and impressions were collected from the same public Meta Ad Library ad row."",""Reach source path: reachEstimate"",""Impressions source path: impressionsWithIndex.impressionsText"",""Impressions are a public range, so the row remains a weak/range label.""]","{""audienceStatus"":""META_DISCLOSED"",""audiencePath"":""reachEstimate"",""impressionsStatus"":""META_DISCLOSED"",""impressionsPath"":""impressionsWithIndex.impressionsText"",""sourceUrl"":""https://www.facebook.com/ads/library/?active_status=all&ad_type=political_and_issue_ads&country=DE&search_type=keyword_unordered&media_type=all&q=partei""}",2026-08-10T12:35:35.607Z
public-meta-464778017946832-DE-2021-05-23-2021-06-01,PUBLIC_META_AD_LIBRARY,PUBLIC_META_DISCLOSED,WEAK_RANGE,464778017946832,464778017946832,,158888744130107,Hubert Aiwanger Minister Bundesvors. Freie Wähler,,,"[""FACEBOOK""]",[],DE,EU_DE,PUBLIC_META_AD_LIBRARY_POLITICAL_AND_ISSUE_ADS,2021-05-23,2021-06-01,2021-05-23,2021-06-01,10,VIDEO,,,,#FREIEWÄHLER in den #Bundestag! Rede #Aiwanger Listenaufstellung,#FREIEWÄHLER in den #Bundestag! Rede #Aiwanger Listenaufstellung,,1000000,,,350000,400000,,,,0.4,,1000,1500,EUR,true,"[""Reach and impressions were collected from the same public Meta Ad Library ad row."",""Reach source path: reachEstimate"",""Impressions source path: impressionsWithIndex.impressionsText"",""Impressions are a public range, so the row remains a weak/range label.""]","{""audienceStatus"":""META_DISCLOSED"",""audiencePath"":""reachEstimate"",""impressionsStatus"":""META_DISCLOSED"",""impressionsPath"":""impressionsWithIndex.impressionsText"",""sourceUrl"":""https://www.facebook.com/ads/library/?active_status=all&ad_type=political_and_issue_ads&country=DE&search_type=keyword_unordered&media_type=all&q=partei""}",2026-08-10T12:35:35.607Z
public-meta-697178094447290-DE-2020-06-08-2022-03-17,PUBLIC_META_AD_LIBRARY,PUBLIC_META_DISCLOSED,WEAK_RANGE,697178094447290,697178094447290,,108313499637735,Dr. Kristin Brinker,,,"[""FACEBOOK""]",[],DE,EU_DE,PUBLIC_META_AD_LIBRARY_POLITICAL_AND_ISSUE_ADS,2020-06-08,2022-03-17,2020-06-08,2022-03-17,648,IMAGE,LIKE_PAGE,facebook.com,https://www.facebook.com/108313499637735,Seit dem Frühjahr 2013 bin ich Mitglied der Alternative für Deutschland und habe mich seitdem ehrenamtlich für den Aufbau und den politischen Erfolg unserer Partei engagiert. Seit 2016 bin ich Mitglied des Abgeordnetenhauses Berlin.,Dr. Kristin Brinker,Ich bin Berliner Politikerin der AfD und stellv. Fraktionsvorsitzende der neuen AfD-Fraktion im Abgeordnetenhaus,50000,100000,,300000,350000,,,3,7,,600,699,EUR,true,"[""Reach and impressions were collected from the same public Meta Ad Library ad row."",""Reach source path: reachEstimate"",""Impressions source path: impressionsWithIndex.impressionsText"",""Impressions are a public range, so the row remains a weak/range label.""]","{""audienceStatus"":""META_DISCLOSED"",""audiencePath"":""reachEstimate"",""impressionsStatus"":""META_DISCLOSED"",""impressionsPath"":""impressionsWithIndex.impressionsText"",""sourceUrl"":""https://www.facebook.com/ads/library/?active_status=all&ad_type=political_and_issue_ads&country=DE&search_type=keyword_unordered&media_type=all&q=partei""}",2026-08-10T12:35:35.607Z
public-meta-1165132061680033-DE-2025-02-20-2025-02-24,PUBLIC_META_AD_LIBRARY,PUBLIC_META_DISCLOSED,WEAK_RANGE,1165132061680033,1165132061680033,,206307219386683,Sahra Wagenknecht,,,"[""FACEBOOK"",""INSTAGRAM""]",[],DE,EU_DE,PUBLIC_META_AD_LIBRARY_POLITICAL_AND_ISSUE_ADS,2025-02-20,2025-02-24,2025-02-20,2025-02-24,5,VIDEO,LEARN_MORE,instagram.com,https://www.instagram.com/bsw.bund/,"Deutsche Soldaten in die Ukraine?
Nicht mit uns: BSW

Das BSW ist die einzige Partei, die es ausschließt, deutsche Soldaten in die Ukraine zu schicken! Alle anderen Parteien - von der AfD über die Grünen bis zur Linken - können sich die Beteiligung der Bundeswehr an einer Truppe zur Friedenssicherung in der Ukraine vorstellen. Es ist unwahr, wenn Friedrich Merz und Olaf Scholz behaupten, dass diese Frage nicht im Raum steht, denn die Forderung aus den USA liegt auf dem Tisch. Wir fordern die Kanzlerkandidaten auf, den Wählern noch vor der Bundestagswahl reinen Wein einzuschenken. Denn was würde passieren, wenn der nun absehbare Waffenstillstand nicht hält? Ein Wiederaufflammen der Kämpfe würde Deutschland automatisch in einen direkten Krieg mit Russland hineinziehen! Wir finden: Ein Waffenstillstand zwischen Russland und der Ukraine sollte durch eine UN-Friedenstruppe aus neutralen Staaten abgesichert werden. Es wäre kein Beitrag zum Frieden, sondern ein geschichtsvergessener Affront, wenn man deutsche Soldaten in Gebiete schickt, in denen einst die Wehrmacht gewütet hat.

#wagenknecht #bsw #wahlen #rede #frieden #ukraine",,,1000000,,,350000,400000,,,,0.4,,600,699,EUR,true,"[""Reach and impressions were collected from the same public Meta Ad Library ad row."",""Reach source path: reachEstimate"",""Impressions source path: impressionsWithIndex.impressionsText"",""Impressions are a public range, so the row remains a weak/range label.""]","{""audienceStatus"":""META_DISCLOSED"",""audiencePath"":""reachEstimate"",""impressionsStatus"":""META_DISCLOSED"",""impressionsPath"":""impressionsWithIndex.impressionsText"",""sourceUrl"":""https://www.facebook.com/ads/library/?active_status=all&ad_type=political_and_issue_ads&country=DE&search_type=keyword_unordered&media_type=all&q=partei""}",2026-08-10T12:35:35.607Z
public-meta-648727894383453-DE-2025-02-21-2025-02-23,PUBLIC_META_AD_LIBRARY,PUBLIC_META_DISCLOSED,WEAK_RANGE,648727894383453,648727894383453,,460370383826099,Robert Habeck,,,"[""INSTAGRAM""]",[],DE,EU_DE,PUBLIC_META_AD_LIBRARY_POLITICAL_AND_ISSUE_ADS,2025-02-21,2025-02-23,2025-02-21,2025-02-23,3,VIDEO,LEARN_MORE,gruene.de,https://www.gruene.de/artikel/klimaschutz,"@tobikrell spricht aus, was viele denken: Die Klimakrise ist real, spürbar – und viel zu wenig Thema.

Das können wir nicht hinnehmen. Denn wenn Deutschland aufgibt, gibt Europa auf. Und das können wir uns nicht leisten. Nutzt eure Stimme! Für unsere Zukunft. Am Sonntag Grün wählen.",,,500000,1000000,,350000,400000,,,0.35,0.8,,3000,3500,EUR,true,"[""Reach and impressions were collected from the same public Meta Ad Library ad row."",""Reach source path: reachEstimate"",""Impressions source path: impressionsWithIndex.impressionsText"",""Impressions are a public range, so the row remains a weak/range label.""]","{""audienceStatus"":""META_DISCLOSED"",""audiencePath"":""reachEstimate"",""impressionsStatus"":""META_DISCLOSED"",""impressionsPath"":""impressionsWithIndex.impressionsText"",""sourceUrl"":""https://www.facebook.com/ads/library/?active_status=all&ad_type=political_and_issue_ads&country=DE&search_type=keyword_unordered&media_type=all&q=partei""}",2026-08-10T12:35:35.607Z
public-meta-1250120612742051-DE-2025-01-23-2025-01-30,PUBLIC_META_AD_LIBRARY,PUBLIC_META_DISCLOSED,WEAK_RANGE,1250120612742051,1250120612742051,,21289227249,FDP,,,"[""FACEBOOK"",""INSTAGRAM""]",[],DE,EU_DE,PUBLIC_META_AD_LIBRARY_POLITICAL_AND_ISSUE_ADS,2025-01-23,2025-01-30,2025-01-23,2025-01-30,8,IMAGE,LEARN_MORE,fdp.de,https://www.fdp.de/position/demokratie,"Wer wirtschaftliche Stärke, eine moderne Gesellschaft und echte Lösungen für die großen Fragen will, muss FDP wählen. Das heißt: Wir werben für ein Sozialsystem, das Aufstiegschancen schafft – unabhängig von der Herkunft. Wir stehen für Leistungsgerechtigkeit und Unternehmertum. Wir sind weltoffen, aber wollen geordnete Einwanderung. Beim Klimaschutz setzen wir auf Innovationen und Ordnungspolitik.",Demokratie,"Für uns Freie Demokraten ist es eine Kernaufgabe, die liberale Demokratie mit Leben zu erfüllen, sie fortzuentwickeln und zu verteidigen.",1000000,,,350000,400000,,,,0.4,,500,599,EUR,true,"[""Reach and impressions were collected from the same public Meta Ad Library ad row."",""Reach source path: reachEstimate"",""Impressions source path: impressionsWithIndex.impressionsText"",""Impressions are a public range, so the row remains a weak/range label.""]","{""audienceStatus"":""META_DISCLOSED"",""audiencePath"":""reachEstimate"",""impressionsStatus"":""META_DISCLOSED"",""impressionsPath"":""impressionsWithIndex.impressionsText"",""sourceUrl"":""https://www.facebook.com/ads/library/?active_status=all&ad_type=political_and_issue_ads&country=DE&search_type=keyword_unordered&media_type=all&q=partei""}",2026-08-10T12:35:35.608Z
public-meta-2691844151001944-DE-2025-02-10-2025-02-14,PUBLIC_META_AD_LIBRARY,PUBLIC_META_DISCLOSED,WEAK_RANGE,2691844151001944,2691844151001944,,164131966966839,FDP Schleswig-Holstein,,,"[""FACEBOOK"",""INSTAGRAM""]",[],DE,EU_DE,PUBLIC_META_AD_LIBRARY_POLITICAL_AND_ISSUE_ADS,2025-02-10,2025-02-14,2025-02-10,2025-02-14,5,VIDEO,WATCH_MORE,youtu.be,https://youtu.be/ScmUpEVB2ys,"Wolfgang Kubicki im Fokus Freiheit-Podcast: 
Mietpreisbremse sinnvoll? Ganz und gar nicht! 🏠 🏗️
💬 Wolfgang Kubicki stellt fest: ”Wer glaubt, dass man mit einer Mietpreisbremse den Wohnungsbau ankurbelt, der ist nicht von dieser Welt.”
Hört rein und findet heraus, was Wolfgang Kubicki dazu denkt! 
🎙️ Fokus Freiheit - Niquet & Rösch: Jetzt auf Spotify, Apple Podcasts oder YouTube anhören.
#fdp #fdpsh #jetztFDP #freiedemokraten #schleswigholstein #politik #partei #liberal #kandidaten #bundestagswahl25 #bundestagswahl2025 #bundestagswahlsh #kubicki #wolfgangkubicki #deutschland #podcast #fokusfreiheit #mietpreisbremse #wohnungen #wohnungfinden #mieten #mietpreise #wohnungspreise",,,1000000,,,350000,400000,,,,0.4,,1000,1500,EUR,true,"[""Reach and impressions were collected from the same public Meta Ad Library ad row."",""Reach source path: reachEstimate"",""Impressions source path: impressionsWithIndex.impressionsText"",""Impressions are a public range, so the row remains a weak/range label.""]","{""audienceStatus"":""META_DISCLOSED"",""audiencePath"":""reachEstimate"",""impressionsStatus"":""META_DISCLOSED"",""impressionsPath"":""impressionsWithIndex.impressionsText"",""sourceUrl"":""https://www.facebook.com/ads/library/?active_status=all&ad_type=political_and_issue_ads&country=DE&search_type=keyword_unordered&media_type=all&q=partei""}",2026-08-10T12:35:35.608Z
public-meta-3364200207137754-DE-2020-11-15-2020-11-26,PUBLIC_META_AD_LIBRARY,PUBLIC_META_DISCLOSED,WEAK_RANGE,3364200207137754,3364200207137754,,12084075837,Jürgen Todenhöfer,,,"[""FACEBOOK""]",[],DE,EU_DE,PUBLIC_META_AD_LIBRARY_POLITICAL_AND_ISSUE_ADS,2020-11-15,2020-11-26,2020-11-15,2020-11-26,12,VIDEO,LEARN_MORE,bit.ly,https://bit.ly/ttfbads,"Liebe Freunde, Deutschland diskutiert über diese Rede. Es gibt viel Zuspruch, aber natürlich wird auch Blödsinn geschrieben. Wir lassen uns davon nicht beirren. Lasst uns gemeinsam dieses Land verändern! Es wird Zeit. Euer JT

Meldet euch jetzt über folgenden Link an!
→ bit.ly/teamtodenhoefer",Wir werden dieses Land verändern.,,100000,500000,,300000,350000,,,0.6,3.5,,1000,1500,EUR,true,"[""Reach and impressions were collected from the same public Meta Ad Library ad row."",""Reach source path: reachEstimate"",""Impressions source path: impressionsWithIndex.impressionsText"",""Impressions are a public range, so the row remains a weak/range label.""]","{""audienceStatus"":""META_DISCLOSED"",""audiencePath"":""reachEstimate"",""impressionsStatus"":""META_DISCLOSED"",""impressionsPath"":""impressionsWithIndex.impressionsText"",""sourceUrl"":""https://www.facebook.com/ads/library/?active_status=all&ad_type=political_and_issue_ads&country=DE&search_type=keyword_unordered&media_type=all&q=partei""}",2026-08-10T12:35:35.608Z
public-meta-1547391572280699-DE-2021-09-17-2021-09-19,PUBLIC_META_AD_LIBRARY,PUBLIC_META_DISCLOSED,WEAK_RANGE,1547391572280699,1547391572280699,,107085727344683,Mein Schlüssel zur Welt,,,"[""FACEBOOK"",""INSTAGRAM""]",[],DE,EU_DE,PUBLIC_META_AD_LIBRARY_POLITICAL_AND_ISSUE_ADS,2021-09-17,2021-09-19,2021-09-17,2021-09-19,3,IMAGE,,,,"Nur noch zwei Wochen bis zur Bundestagswahl! Hast du dich schon für eine Partei entschieden? 🤔 Mit dem Wahl-O-Mat kannst du herausfinden, was die Parteien wollen und wie das zu deinen Stand-Punkten passt. Zum Wahl-O-Mat geht’s hier: 
👉 https://www.wahl-o-mat.de/

#Alltagstipps #Wissen #Bundestagswahl",,,1000000,,,300000,350000,,,,0.35,,1000,1500,EUR,true,"[""Reach and impressions were collected from the same public Meta Ad Library ad row."",""Reach source path: reachEstimate"",""Impressions source path: impressionsWithIndex.impressionsText"",""Impressions are a public range, so the row remains a weak/range label.""]","{""audienceStatus"":""META_DISCLOSED"",""audiencePath"":""reachEstimate"",""impressionsStatus"":""META_DISCLOSED"",""impressionsPath"":""impressionsWithIndex.impressionsText"",""sourceUrl"":""https://www.facebook.com/ads/library/?active_status=all&ad_type=political_and_issue_ads&country=DE&search_type=keyword_unordered&media_type=all&q=partei""}",2026-08-10T12:35:35.608Z
public-meta-924931086471890-DE-2025-01-23-2025-02-24,PUBLIC_META_AD_LIBRARY,PUBLIC_META_DISCLOSED,WEAK_RANGE,924931086471890,924931086471890,,106516184465027,DieBasis,,,"[""FACEBOOK"",""INSTAGRAM""]",[],DE,EU_DE,PUBLIC_META_AD_LIBRARY_POLITICAL_AND_ISSUE_ADS,2025-01-23,2025-02-24,2025-01-23,2025-02-24,33,IMAGE,LEARN_MORE,diebasis-partei.de,https://diebasis-partei.de/wahlprogramm-2025,{{product.brand}},{{product.name}},{{product.description}},1000000,,,300000,350000,,,,0.35,,1500,2000,EUR,true,"[""Reach and impressions were collected from the same public Meta Ad Library ad row."",""Reach source path: reachEstimate"",""Impressions source path: impressionsWithIndex.impressionsText"",""Impressions are a public range, so the row remains a weak/range label.""]","{""audienceStatus"":""META_DISCLOSED"",""audiencePath"":""reachEstimate"",""impressionsStatus"":""META_DISCLOSED"",""impressionsPath"":""impressionsWithIndex.impressionsText"",""sourceUrl"":""https://www.facebook.com/ads/library/?active_status=all&ad_type=political_and_issue_ads&country=DE&search_type=keyword_unordered&media_type=all&q=partei""}",2026-08-10T12:35:35.608Z
public-meta-1372930436722174-DE-2024-05-21-2024-05-29,PUBLIC_META_AD_LIBRARY,PUBLIC_META_DISCLOSED,WEAK_RANGE,1372930436722174,1372930436722174,,353378298097249,BIG Partei Deutschland,,,"[""FACEBOOK"",""INSTAGRAM""]",[],DE,EU_DE,PUBLIC_META_AD_LIBRARY_POLITICAL_AND_ISSUE_ADS,2024-05-21,2024-05-29,2024-05-21,2024-05-29,9,UNKNOWN,LEARN_MORE,big-deutschland.de,http://big-deutschland.de/,{{product.brand}},{{product.name}},{{product.description}},1000000,,,300000,350000,,,,0.35,,500,599,EUR,true,"[""Reach and impressions were collected from the same public Meta Ad Library ad row."",""Reach source path: reachEstimate"",""Impressions source path: impressionsWithIndex.impressionsText"",""Impressions are a public range, so the row remains a weak/range label.""]","{""audienceStatus"":""META_DISCLOSED"",""audiencePath"":""reachEstimate"",""impressionsStatus"":""META_DISCLOSED"",""impressionsPath"":""impressionsWithIndex.impressionsText"",""sourceUrl"":""https://www.facebook.com/ads/library/?active_status=all&ad_type=political_and_issue_ads&country=DE&search_type=keyword_unordered&media_type=all&q=partei""}",2026-08-10T12:35:35.608Z
public-meta-1102374210225666-DE-2021-01-11-2021-01-29,PUBLIC_META_AD_LIBRARY,PUBLIC_META_DISCLOSED,WEAK_RANGE,1102374210225666,1102374210225666,,334931334040,CDU-Fraktion im Thüringer Landtag,,,"[""FACEBOOK"",""INSTAGRAM""]",[],DE,EU_DE,PUBLIC_META_AD_LIBRARY_POLITICAL_AND_ISSUE_ADS,2021-01-11,2021-01-29,2021-01-11,2021-01-29,19,IMAGE,LEARN_MORE,cdu-landtag.de,https://www.cdu-landtag.de/haushaltserfolge?fbclid=IwAR3hzBfyi35juW40NU56zZ3KMy6WG0os6AFqWBjQQutwQ8BO6j8r70OHnlo,"💶 Es ist geschafft: Der Landeshaushalt 2021 mit einem Volumen von fast 12 Milliarden Euro ist beschlossen. 

📉 Dabei haben wir zwei wesentliche Ziele erreicht: 2021 werden weniger Schulden aufgenommen werden, als von der rot-rot-grünen Minderheitsregierung gewollt. 

💪 Und trotzdem konnten wir noch vieles in den Haushaltsverhandlungen durchsetzen, das direkt in den Familien, den Unternehmen, den Schulen und den Kommunen ankommt. 

🔗 Mehr Informationen zu unseren Anträgen finden Sie hier: https://www.cdu-landtag.de/haushaltserfolge",,,500000,1000000,,350000,400000,,,0.35,0.8,,700,799,EUR,true,"[""Reach and impressions were collected from the same public Meta Ad Library ad row."",""Reach source path: reachEstimate"",""Impressions source path: impressionsWithIndex.impressionsText"",""Impressions are a public range, so the row remains a weak/range label.""]","{""audienceStatus"":""META_DISCLOSED"",""audiencePath"":""reachEstimate"",""impressionsStatus"":""META_DISCLOSED"",""impressionsPath"":""impressionsWithIndex.impressionsText"",""sourceUrl"":""https://www.facebook.com/ads/library/?active_status=all&ad_type=political_and_issue_ads&country=DE&search_type=keyword_unordered&media_type=all&q=partei""}",2026-08-10T12:35:35.608Z
public-meta-2124290347995470-DE-2025-01-30-2025-02-23,PUBLIC_META_AD_LIBRARY,PUBLIC_META_DISCLOSED,WEAK_RANGE,2124290347995470,2124290347995470,,164629470060120,Bündnis Sahra Wagenknecht - Vernunft und Gerechtigkeit,,,"[""INSTAGRAM""]",[],DE,EU_DE,PUBLIC_META_AD_LIBRARY_POLITICAL_AND_ISSUE_ADS,2025-01-30,2025-02-23,2025-01-30,2025-02-23,25,VIDEO,LEARN_MORE,bsw-vg.de,https://bsw-vg.de/bundestagswahl2025/,"Zusehen, wie unser Land den Bach runtergeht? Das kommt für uns nicht in Frage.

Wir haben das BSW gegründet, damit ein Neustart endlich möglich wird. Dank einer Politik, die nicht nur an ihre Wahlergebnisse denkt, sondern Dich und Deine Bedürfnisse in den Mittelpunkt stellt:

➡️ Für Frieden durch Diplomatie.
➡️ Ein Comeback unserer Wirtschaft.
➡️ Für eine gerechte Leistungsgesellschaft mit guten Löhnen, bezahlbarem Wohnraum und einer würdevollen Rente.
➡️ Für sichere Straßen und echte Meinungsfreiheit.

Verschenke Deine Stimme nicht für ein ""Weiter so"" in Deutschland. Wähle am 23. Februar das BSW: Zweitstimme ist Sahra-Stimme!",,,500000,1000000,,350000,400000,,,0.35,0.8,,1000,1500,EUR,true,"[""Reach and impressions were collected from the same public Meta Ad Library ad row."",""Reach source path: reachEstimate"",""Impressions source path: impressionsWithIndex.impressionsText"",""Impressions are a public range, so the row remains a weak/range label.""]","{""audienceStatus"":""META_DISCLOSED"",""audiencePath"":""reachEstimate"",""impressionsStatus"":""META_DISCLOSED"",""impressionsPath"":""impressionsWithIndex.impressionsText"",""sourceUrl"":""https://www.facebook.com/ads/library/?active_status=all&ad_type=political_and_issue_ads&country=DE&search_type=keyword_unordered&media_type=all&q=partei""}",2026-08-10T12:35:35.608Z
